FA000,康乃馨,中大輪混
FA001,康乃馨,混合色
FA100,康乃馨,紅
FA101,康乃馨,清紅
FA102,康乃馨,深紅
FA103,康乃馨,橙紅
FA104,康乃馨,櫻紅
FA120,康乃馨,紅羽毛
FA200,康乃馨,橙
FA220,康乃馨,橙羽毛
FA300,康乃馨,黃
FA301,康乃馨,深黃
FA302,康乃馨,淺黃
FA303,康乃馨,橙黃
FA304,康乃馨,雙色金紅
FA320,康乃馨,黃羽毛
FA400,康乃馨,粉
FA401,康乃馨,深粉
FA402,康乃馨,淺粉
FA403,康乃馨,薄粉
FA420,康乃馨,粉羽毛
FA500,康乃馨,綠
FA501,康乃馨,蘋果綠
FA600,康乃馨,白
FA601,康乃馨,清白
FA602,康乃馨,牛奶白
FA603,康乃馨,白帶紅
FA604,康乃馨,黃帶紫
FA605,康乃馨,白帶紫
FA606,康乃馨,黃帶紅
FA607,康乃馨,粉帶紅
FA608,康乃馨,粉帶白
FA609,康乃馨,粉帶紫
FA700,康乃馨,紫
FA701,康乃馨,紫帶白
FA800,康乃馨,多朵(混色)
FA810,康乃馨,多朵紅
FA811,康乃馨,多朵櫻紅
FA812,康乃馨,波斯桃紅
FA813,康乃馨,波列羅
FA814,康乃馨,滿意
FA815,康乃馨,輕吻
FA820,康乃馨,多朵橙
FA830,康乃馨,多朵黃
FA840,康乃馨,多朵粉
FA841,康乃馨,多朵淺粉
FA842,康乃馨,天鵝粉
FA843,康乃馨,拿鐵
FA844,康乃馨,妮娜
FA845,康乃馨,美莉莎
FA851,康乃馨,蘋果綠
FA860,康乃馨,多朵白
FA861,康乃馨,白鐵時諾
FA862,康乃馨,白水晶
FA870,康乃馨,多朵紫
FA871,康乃馨,仙女紫
FA872,康乃馨,史波特
FA881,康乃馨,多朵紅帶白
FA882,康乃馨,多朵紅帶粉
FA883,康乃馨,多朵橙帶紅
FA884,康乃馨,多朵黃帶紅
FA885,康乃馨,多朵黃帶紫
FA886,康乃馨,多朵白帶紅
FA887,康乃馨,多朵白帶紫
FA900,小可愛,(混色)
FA910,小可愛,紅
FA920,小可愛,橙
FA930,小可愛,黃
FA940,小可愛,粉
FA960,小可愛,白
FA970,小可愛,紫
FA980,美女撫子,
FA985,綠石竹,
FB000,火鶴花,
FB001,火鶴花,混色
FB100,火鶴花,紅色
FB101,火鶴花,紅紅心
FB102,火鶴花,紅黃心
FB103,火鶴花,紅青心
FB104,火鶴花,小耳朵
FB105,火鶴花,紅綠邊
FB106,火鶴花,丘比特
FB107,火鶴花,愛麗絲
FB108,火鶴花,千里達
FB109,火鶴花,朋友
FB110,火鶴花,朱比特
FB111,火鶴花,月光
FB112,火鶴花,第一紅
FB200,火鶴花,橙色
FB201,火鶴花,桔綠邊
FB301,火鶴花,金龍
FB302,火鶴花,黃瑪莉
FB400,火鶴花,粉色
FB401,火鶴花,夏粉
FB402,火鶴花,荷粉
FB403,火鶴花,珊瑚粉
FB404,火鶴花,粉新娘
FB405,火鶴花,粉綠邊
FB406,火鶴花,粉公主
FB407,火鶴花,夢幻
FB408,火鶴花,粉佳人
FB409,火鶴花,雪碧粉
FB410,火鶴花,女王
FB411,火鶴花,王妃
FB412,火鶴花,總統
FB413,火鶴花,女神
FB415,火鶴花,羅莎
FB416,火鶴花,花仙子
FB417,火鶴花,彩虹
FB418,火鶴花,百香粉
FB419,火鶴花,太極
FB420,火鶴花,小紅莓
FB421,火鶴花,珊娜塔
FB422,火鶴花,情人
FB423,火鶴花,蜜糖佳人
FB424,火鶴花,奇蹟
FB425,火鶴花,吉祥
FB500,火鶴花,翠綠
FB501,火鶴花,蘋果綠
FB502,火鶴花,綠紅心
FB503,火鶴花,綠姑娘
FB504,火鶴花,雷夢娜
FB505,火鶴花,香檳
FB506,火鶴花,綠寶石
FB507,火鶴花,綠精靈
FB508,火鶴花,青龍
FB509,火鶴花,森林
FB600,火鶴花,白色
FB601,火鶴花,白青心
FB602,火鶴花,白黃心
FB603,火鶴花,白紅心
FB604,火鶴花,白綠邊
FB605,火鶴花,嘉年華
FB606,火鶴花,辛巴
FB607,火鶴花,月亮女神
FB700,火鶴花,花紫
FB701,火鶴花,超音速
FB702,火鶴花,凱撒
FB800,火鶴花,咖啡紅
FB801,火鶴花,咖啡條紋
FB802,火鶴花,大地
FB803,火鶴花,巧克
FB804,火鶴花,黑美人
FB805,火鶴花,黑珍珠
FC000,大菊,
FC001,大菊,混合色
FC100,大菊,紅
FC101,大菊,陽炎
FC102,大菊,英國紅
FC103,大菊,德國紅
FC104,大菊,紅初鳳
FC105,大菊,香港紅
FC106,大菊,新力紅
FC107,大菊,紅鳳
FC108,大菊,紅貴妃
FC109,大菊,咖哩紅
FC110,大菊,仙桃光
FC111,大菊,顏之春
FC112,大菊,硬枝紅
FC113,大菊,桃太郎
FC115,大菊,新粉紅
FC116,大菊,花御殿
FC117,大菊,紅秀鳳
FC118,大菊,紅玫瑰
FC130,大菊,麵線菊紅
FC200,大菊,金
FC201,大菊,金初鳳
FC202,大菊,精英金
FC204,大菊,妙心
FC205,大菊,金莎
FC300,大菊,黃
FC301,大菊,黃秀鳳
FC302,大菊,世界一
FC303,大菊,冬王
FC304,大菊,新王妃
FC305,大菊,雁之妃
FC306,大菊,日本黃
FC307,大菊,木瓜黃
FC308,大菊,新種黃
FC309,大菊,黃東亞
FC310,大菊,新東亞
FC311,大菊,黃月友
FC312,大菊,尖葉黃
FC313,大菊,矮仔黃
FC314,大菊,黃丁字菊
FC315,大菊,青心黃
FC316,大菊,黃精競
FC317,大菊,大頭黃
FC318,大菊,黃東陽
FC319,大菊,金莎黃
FC330,大菊,黃麵線菊
FC345,大菊,黃斯不列
FC350,大菊,黃乒乓
FC380,大菊,黃八媛
FC400,大菊,粉
FC401,大菊,杏紅
FC402,大菊,精英粉
FC403,大菊,簽粉
FC404,大菊,粉初鳳
FC405,大菊,千台英
FC406,大菊,平頭粉
FC407,大菊,硬枝粉
FC408,大菊,粉乒乓
FC409,大菊,粉皇冠
FC410,大菊,羅莎諾粉
FC480,大菊,粉八媛
FC500,大菊,綠
FC501,大菊,綠絲菊
FC502,大菊,安娜深綠
FC508,大菊,綠乒乓
FC509,大菊,奇濃綠乒乓
FC600,大菊,白
FC601,大菊,日本白
FC602,大菊,白大將
FC603,大菊,白玉
FC604,大菊,白領
FC605,大菊,白鳳
FC606,大菊,精英白
FC607,大菊,大頭白
FC608,大菊,白乒乓
FC609,大菊,白東洋
FC610,大菊,丁字菊
FC611,大菊,白秀鳳
FC612,大菊,白雪山
FC613,大菊,白天星
FC614,大菊,雲水
FC615,大菊,國王
FC630,大菊,白麵線菊
FC645,大菊,白斯不列
FC680,大菊,白八媛
FC800,大菊,染色大菊
FD000,小菊,
FD001,小菊,混合色
FD100,小菊,紅
FD101,小菊,紅鳳
FD102,小菊,紅花娘
FD103,小菊,空心紅
FD104,小菊,紅銅錢
FD105,小菊,紅初朝
FD106,小菊,紅炎
FD107,小菊,大新紅
FD109,小菊,陽炎小紅
FD110,小菊,咖啡小紅
FD111,小菊,咖哩小紅
FD112,小菊,紅雲南菊
FD113,小菊,日本小紅
FD114,小菊,桃太郎
FD115,小菊,紅初鳳
FD116,小菊,林哥紅
FD117,小菊,紅日
FD118,小菊,哈雷紅
FD119,小菊,龍鳳小紅
FD120,小菊,紅天星
FD121,小菊,紅美人
FD122,小菊,湯匙紅
FD123,小菊,鑽石紅
FD124,小菊,龍鳳紫
FD125,小菊,大一點紅
FD126,小菊,百花小紅
FD127,小菊,雙色紅
FD128,小菊,老虎紅
FD129,小菊,小桃紅
FD130,小菊,露水小紅
FD131,小菊,小紅娘
FD132,小菊,珍珠紅
FD133,小菊,日本絨紅
FD134,小菊,紅如意
FD135,小菊,紅玫
FD136,小菊,法國小紅
FD137,小菊,小老虎紅
FD138,小菊,卡洛琳
FD145,小菊,紅斯不列
FD150,小菊,紅風車
FD200,小菊,金
FD201,小菊,金咖啡
FD202,小菊,淺小金
FD203,小菊,金小菊
FD204,小菊,小金紅
FD205,小菊,金初鳳
FD206,小菊,雙色金紅
FD207,小菊,雙色金黃
FD208,小菊,金孔雀
FD209,小菊,椪柑
FD210,小菊,吉祥金
FD211,小菊,德國風車
FD232,小菊,珍珠金
FD235,小菊,林克小金
FD245,小菊,金斯不列
FD250,小菊,金風車
FD300,小菊,黃
FD301,小菊,黃金月
FD302,小菊,黃銅錢
FD303,小菊,空心黃
FD304,小菊,聖誕球
FD305,小菊,黃初朝
FD306,小菊,多朵秀鳳
FD307,小菊,黃乒乓
FD308,小菊,黃丁字菊
FD309,小菊,日本黃
FD310,小菊,青心黃
FD311,小菊,木瓜黃
FD312,小菊,黑心小黃
FD313,小菊,湯匙黃
FD314,小菊,鈕扣菊黃
FD315,小菊,黃鑽石
FD316,小菊,冬月小黃
FD317,小菊,跳舞黃
FD318,小菊,小光輝
FD319,小菊,木瓜黃(重瓣)
FD320,小菊,荷蘭黃
FD321,小菊,吉祥黃
FD322,小菊,金絲黃
FD323,小菊,一點黃
FD324,小菊,法國小菊黃
FD325,小菊,黃瑪格麗特
FD326,小菊,蒙那麗莎陽光黃
FD330,小菊,黃麵線小菊
FD345,小菊,黃斯不列
FD350,小菊,黃風車
FD400,小菊,粉
FD401,小菊,秋陽
FD402,小菊,大新粉
FD403,小菊,空心粉
FD404,小菊,花花世界
FD405,小菊,寒初朝
FD406,小菊,阿來粉
FD407,小菊,粉乒乓
FD408,小菊,瓊桃粉
FD409,小菊,炎陽粉
FD410,小菊,林哥粉
FD411,小菊,湯匙粉
FD412,小菊,粉雲南菊
FD413,小菊,粉初鳳
FD414,小菊,大陸粉
FD415,小菊,哈雷粉
FD416,小菊,珍珠粉
FD417,小菊,粉炎
FD418,小菊,粉火焰
FD419,小菊,日月小粉
FD420,小菊,荷蘭粉
FD421,小菊,水玲瓏
FD422,小菊,吉祥小粉
FD423,小菊,粉日記
FD424,小菊,小桃紅
FD425,小菊,瑪格麗特粉
FD426,小菊,香檳哈雷
FD427,小菊,粉佳人
FD428,小菊,日曆小粉
FD429,小菊,桃枝
FD430,小菊,麵線菊粉
FD431,小菊,桃紅雲南菊
FD432,小菊,彩雲
FD433,小菊,芬蘭小粉
FD434,小菊,英國風車
FD435,小菊,林克小粉
FD436,小菊,新秋陽
FD437,雲南菊,雙色粉
FD445,小菊,粉斯不列
FD446,小菊,粉觀音
FD450,小菊,粉風車
FD451,小菊,舞風車
FD452,小菊,辛達粉
FD453,小菊,棒棒糖-粉
FD455,小菊,美麗小粉
FD500,小菊,綠
FD501,小菊,如玉
FD502,小菊,綠絲菊
FD503,小菊,鈕扣菊綠
FD504,小菊,貝雷錄
FD505,小菊,福澤
FD509,小菊,奇濃綠乒乓
FD600,小菊,白
FD601,小菊,丁字菊白
FD602,小菊,白銅錢
FD603,小菊,空心白(短瓣)
FD604,小菊,空心白(長瓣)
FD605,小菊,白初朝
FD607,小菊,白乒乓
FD608,小菊,小秋白
FD609,小菊,雞眼小白
FD610,小菊,青心小白
FD611,小菊,新丁字白
FD612,小菊,白雲南菊
FD613,小菊,鈕扣菊白
FD614,小菊,法國小菊白
FD615,小菊,翠玉
FD616,小菊,跳舞白
FD617,小菊,白觀音
FD618,小菊,白鑽石
FD619,小菊,小雪球白
FD620,小菊,荷蘭小白
FD621,小菊,川涼
FD622,小菊,吉祥白
FD623,小菊,相思小白
FD625,小菊,白瑪格麗特
FD630,小菊,白麵線小菊
FD632,小菊,珍珠白
FD633,小菊,芬蘭小白
FD635,小菊,林克小白
FD645,小菊,白斯不列
FD646,小菊,邦白
FD712,小菊,紫雲南菊
FD752,小菊,辛達紫紅
FD800,小菊,染色小菊
FD900,小菊,迷你翠菊
FE000,非洲菊,
FE001,非洲菊,混合色
FE100,非洲菊,紅
FE101,非洲菊,雙色紅
FE102,非洲菊,達利奇
FE103,非洲菊,紅水晶
FE104,非洲菊,雷諾
FE105,非洲菊,希蘿
FE106,非洲菊,蘿瑞托
FE107,非洲菊,華麗
FE108,非洲菊,紅巴黎
FE109,非洲菊,哈比
FE200,非洲菊,橙
FE201,非洲菊,太陽神
FE202,非洲菊,沙丘
FE203,非洲菊,歐林
FE204,非洲菊,梅蘿絲
FE300,非洲菊,黃
FE301,非洲菊,熱浪
FE400,非洲菊,粉
FE401,非洲菊,伊斯瑪拉
FE402,非洲菊,瑪露西亞
FE403,非洲菊,多尼卡
FE404,非洲菊,慕尼拉
FE405,非洲菊,羅莎琳
FE406,非洲菊,粉佳人
FE407,非洲菊,火花
FE408,非洲菊,粉紅佳人
FE409,非洲菊,粉紅魅力
FE410,非洲菊,南丁格爾
FE411,非洲菊,莉朵
FE412,非洲菊,拿破崙
FE413,非洲菊,飛兒
FE415,非洲菊,粉美麗
FE600,非洲菊,白
FE601,非洲菊,白雪
FE602,非洲菊,瑪利亞
FE603,非洲菊,比安可
FE604,非洲菊,白熊
FE700,非洲菊,紫
FE701,非洲菊,紫王子
FE801,非洲菊,波波
FE900,非洲菊,迷你混色
FE910,非洲菊,迷你紅
FE920,非洲菊,迷你橙
FE930,非洲菊,迷你黃
FE940,非洲菊,迷你粉
FE960,非洲菊,迷你白
FE970,非洲菊,迷你紫
FG000,劍蘭,
FG001,劍蘭,混合色
FG100,劍蘭,紅
FG101,劍蘭,４號
FG102,劍蘭,１３號
FG103,劍蘭,４２號
FG104,劍蘭,２２３號
FG105,劍蘭,２３５號
FG106,劍蘭,馬得利
FG107,劍蘭,黑骨
FG108,劍蘭,櫻紅
FG109,劍蘭,胭脂紅
FG110,劍蘭,玫瑰紅
FG111,劍蘭,４３號
FG112,劍蘭,新櫻紅
FG113,劍蘭,新種紅
FG114,劍蘭,新２２３號
FG115,劍蘭,２４３號
FG116,劍蘭,雙色金紅
FG118,劍蘭,２７８號
FG119,劍蘭,２７９號
FG120,劍蘭,黑骨紅
FG121,劍蘭,２６５號
FG122,劍蘭,康威
FG200,劍蘭,橙
FG201,劍蘭,橙粉
FG300,劍蘭,黃
FG301,劍蘭,深黃
FG302,劍蘭,淺黃
FG303,劍蘭,黃紅心
FG400,劍蘭,粉
FG401,劍蘭,新粉
FG402,劍蘭,司胖
FG403,劍蘭,馬粉
FG404,劍蘭,桃粉
FG405,劍蘭,薄粉
FG406,劍蘭,青殼粉
FG407,劍蘭,粉紅心
FG408,劍蘭,５１２號
FG409,劍蘭,５１３號
FG410,劍蘭,５１５號
FG411,劍蘭,粉紅佳人
FG412,劍蘭,粉巨人
FG413,劍蘭,新司胖
FG414,劍蘭,美國粉
FG415,劍蘭,夏日玫瑰
FG416,劍蘭,４４３６號
FG417,劍蘭,法都
FG501,劍蘭,６１０號
FG600,劍蘭,白
FG601,劍蘭,大白
FG602,劍蘭,阿姆斯特丹
FG603,劍蘭,白紅心
FG700,劍蘭,紫
FG701,劍蘭,深紫
FG702,劍蘭,淺紫
FG703,劍蘭,深絨紫
FG704,劍蘭,黑紫
FG705,劍蘭,紫藍
FG706,劍蘭,紫白心
FH000,其它花卉,
FH002,拍賣花朵,
FH003,柔麗絲,
FH004,八卦草(黃河),
FH005,金鎚花,
FH006,黃梔花,
FH007,松蟲草,
FH048,連翹,
FH050,水仙百合,混色
FH051,水仙百合,紅
FH052,水仙百合,橙
FH053,水仙百合,黃
FH054,水仙百合,粉
FH056,水仙百合,白
FH057,水仙百合,紫
FH061,水仙百合,紫紅
FH062,水仙百合,雙色
FH063,水仙百合,白帶紅
FH071,石蒜,紅花
FH072,石蒜,金花
FH074,石蒜,粉花
FH080,萱草,
FH090,針墊花,
FH101,天堂鳥,
FH111,小天堂鳥,紅
FH112,小天堂鳥,桔帶紅
FH113,小天堂鳥,黃
FH114,小天堂鳥,粉紅
FH120,羽毛花,
FH123,黃金鳥,
FH124,翡翠鳥,
FH125,翠珠花,
FH128,十日垂蕉,
FH129,錦鳳垂蕉,
FH130,文珠蘭,
FH131,鶴焦,
FH132,小鶴蕉,
FH133,鶴蕉紅美人,
FH134,紅娘垂蕉,
FH135,垂焦,
FH136,白蓮蕉,
FH137,觀音蓮,
FH138,美人蕉,
FH139,石玫瑰,
FH140,薑荷花,
FH145,金盞花,
FH152,野薑花,橙
FH156,野薑花,白
FH158,紅薑花,
FH159,球薑花,
FH164,火炬花,
FH170,狐尾百合,
FH180,宮燈百合,
FH185,嘉蘭<火焰百合>,
FH190,鳴子百合,
FH195,玉蘭花,
FH201,貓柳,直支
FH202,珍珠柳,直支
FH203,貓柳,開叉
FH204,珍珠柳,開叉
FH210,夕霧草,
FH215,段菊,
FH220,羽扇豆,
FH225,帝王花,
FH230,夜來香,
FH231,夜來香,單瓣
FH232,夜來香,重瓣
FH240,麥桿菊,
FH245,初雪草,
FH251,秀線,
FH256,白秀線,
FH260,丹頂(蔥花),
FH270,千日紅,
FH280,古代稀,
FH293,向日葵,單瓣
FH294,向日葵,重瓣
FH295,向日葵,金色陽光
FH296,向日葵,金鑽
FH297,向日葵,達冠七號
FH298,向日葵,太陽神
FH301,波斯菊,
FH302,矢車菊,
FH303,琉璃菊,
FH304,鱗托菊,
FH305,白友禪菊,
FH306,白日草,
FH307,瓜葉菊,
FH308,白藍菊,
FH309,牡丹花,
FH310,大理花,混色
FH311,大理花,紅色
FH313,大理花,黃色
FH314,大理花,粉色
FH317,大理花,紫色
FH318,大理花,雙色
FH320,薊花(紅花),
FH330,雞冠花,
FH331,雞冠花,清紅
FH332,雞冠花,暗紅
FH333,雞冠花,黃
FH334,雞冠花,綠
FH335,槍型雞冠花,
FH336,垂雞冠,
FH337,雞冠花,紫紅
FH338,雞冠花,黃綠
FH339,雞冠花,粉
FH340,火焰雞冠花,
FH341,火焰雞冠花,紅
FH342,火焰雞冠花,橘
FH343,火焰雞冠花,黃
FH344,火焰雞冠花,粉
FH350,夢幻草,
FH355,鳳梨花,
FH356,觀果鳳梨花,
FH357,觀花鳳梨花,
FH358,珊瑚鳳梨,
FH360,金魚草,混色
FH361,金魚草,紅色
FH363,金魚草,黃色
FH364,金魚草,粉色
FH366,金魚草,白色
FH368,金魚草,雙色
FH370,千鳥草,
FH375,大飛燕草,
FH376,小飛燕草,
FH380,鳳尾草,
FH381,麒麟草,
FH390,泡盛草,
FH395,虎尾花,
FH410,愛麗絲,混色
FH413,愛麗絲,黃色
FH416,愛麗絲,白色
FH417,愛麗絲,淺藍色
FH418,愛麗絲,深藍色
FH420,孤挺花,
FH421,桃樂西孤挺花,
FH434,鬱金,粉
FH440,小蒼蘭,混色
FH441,小蒼蘭,紅色
FH442,小蒼蘭,橙色
FH443,小蒼蘭,黃色
FH444,小蒼蘭,粉色
FH446,小蒼蘭,白色
FH447,小蒼蘭,紫色
FH450,紫羅蘭,單瓣
FH451,紫羅蘭,重瓣
FH452,紫羅蘭,重瓣桃紅
FH454,紫羅蘭,重瓣粉
FH456,紫羅蘭,重瓣白
FH457,紫羅蘭,重瓣淺紫
FH458,紫羅蘭,重瓣深紫
FH460,繡球花,
FH464,繡球花,粉
FH466,繡球花,白
FH467,繡球花,藍
FH468,繡球花,水藍
FH470,仙丹花,
FH480,龍膽,
FH485,風鈴花,
FH490,白頭翁,
FH495,陸蓮花,
FH496,陸蓮花,白
FH497,陸蓮花,紅
FH498,陸蓮花,黃
FH499,陸蓮花,粉
FH500,風信子,
FH521,迥香,黃
FH522,迥香,白
FH580,花菖蒲,
FH600,臘梅,
FH610,鬱金香,混色
FH611,鬱金香,紅色
FH612,鬱金香,橙色
FH613,鬱金香,黃色
FH614,鬱金香,粉色
FH616,鬱金香,白色
FH617,鬱金香,紫色
FH618,鬱金香,雙色
FH620,水仙花,
FH626,白鶴芋,
FH630,海芋,混色
FH631,海芋,紅
FH632,海芋,橙
FH633,海芋,黃
FH634,海芋,粉
FH635,海芋,綠
FH636,海芋,白
FH637,海芋,紫
FH638,海芋,乳白
FH640,睡蓮,
FH650,荷花,
FH660,天鵝絨,
FH661,伯利恆之星,
FH670,茉莉花,
FH673,三角桔梗,
FH680,君子蘭,
FH690,火球花,
FH700,寒丁子<王冠>,
FH710,深山櫻,
FH717,深山櫻,紫霧
FH720,貝殼花,
FH730,黑種草,
FH740,金翠花,
FH750,百子蓮<愛情花>,
FH756,百子蓮大白,
FH757,百子蓮大紫,
FH760,火炬百合,
FH770,非洲鬱金香,
FH780,玉米百合,
FH790,藍星花,
FH800,玫瑰,聖誕
FH890,袋鼠花,
FH900,紫嬌花,
FK000,葵百合,
FK001,葵百合,單朵
FK002,葵百合,雙朵
FK003,葵百合,三朵
FK004,葵百合,四朵
FK005,葵百合,五朵
FK009,葵百合,多朵
FK040,葵百合,粉
FK041,葵百合,粉單朵
FK042,葵百合,粉雙朵
FK043,葵百合,粉三朵
FK044,葵百合,粉四朵
FK045,葵百合,粉五朵
FK049,葵百合,粉多朵
FK110,葵百合,蘿拉紅
FK111,葵百合,蘿拉紅單朵
FK112,葵百合,蘿拉紅雙朵
FK113,葵百合,蘿拉紅三朵
FK114,葵百合,蘿拉紅四朵
FK115,葵百合,蘿拉紅五朵
FK119,葵百合,蘿拉紅多朵
FK210,葵百合,奧林匹克紅
FK211,葵百合,奧林匹克紅單朵
FK212,葵百合,奧林匹克紅雙朵
FK213,葵百合,奧林匹克紅三朵
FK214,葵百合,奧林匹克紅四朵
FK215,葵百合,奧林匹克紅五朵
FK219,葵百合,薁林匹克紅多朵
FK310,葵百合,紅
FK311,葵百合,紅單朵
FK312,葵百合,紅雙朵
FK313,葵百合,紅三朵
FK314,葵百合,紅四朵
FK315,葵百合,紅五朵
FK319,葵百合,紅多朵
FK340,葵百合,瑪麗粉
FK341,葵百合,瑪麗粉單朵
FK342,葵百合,瑪麗粉雙朵
FK343,葵百合,瑪麗粉三朵
FK344,葵百合,瑪麗粉四朵
FK345,葵百合,瑪麗粉五朵
FK349,葵百合,瑪麗粉多朵
FK410,葵百合,阿卡波克紅
FK411,葵百合,阿卡波克紅單朵
FK412,葵百合,阿卡波克紅雙朵
FK413,葵百合,阿卡波克紅三朵
FK414,葵百合,阿卡波克紅四朵
FK415,葵百合,阿卡波克紅五朵
FK419,葵百合,阿卡波克紅多朵
FK420,葵百合,阿提亞
FK421,葵百合,阿提亞單朵
FK422,葵百合,阿提亞雙朵
FK423,葵百合,阿提亞三朵
FK429,葵百合,阿提亞多朵
FK430,葵百合,瑪麗之星
FK431,葵百合,瑪麗之星單朵
FK432,葵百合,瑪麗之星雙朵
FK433,葵百合,瑪麗之星三朵
FK439,葵百合,瑪麗之星多朵
FK440,羅迪納,
FK441,羅迪納,單朵
FK442,羅迪納,雙朵
FK443,羅迪納,三朵
FK449,羅迪納,多朵
FK450,柯柏拉,
FK451,柯柏拉,單朵
FK452,柯柏拉,雙朵
FK453,柯柏拉,三朵
FK459,柯柏拉,多朵
FK540,葵百合,卡斯克德粉
FK541,葵百合,卡斯克德粉單朵
FK542,葵百合,卡斯克德粉雙朵
FK543,葵百合,卡斯克德粉三朵
FK544,葵百合,卡斯克德粉四朵
FK545,葵百合,卡斯克德粉五朵
FK549,葵百合,卡斯克德粉多朵
FL000,姬百合,
FL001,姬百合,姬百合單朵
FL002,姬百合,姬百合雙朵
FL003,姬百合,姬百合三朵
FL009,姬百合,姬百合多朵
FL010,姬百合,紅
FL011,姬百合,紅單朵
FL012,姬百合,紅雙朵
FL013,姬百合,紅三朵
FL014,姬百合,紅四朵
FL015,姬百合,紅五朵
FL019,姬百合,紅多朵
FL020,姬百合,橙
FL021,姬百合,橙單朵
FL022,姬百合,橙雙朵
FL023,姬百合,橙三朵
FL024,姬百合,橙四朵
FL025,姬百合,橙五朵
FL029,姬百合,橙多朵
FL030,姬百合,黃
FL031,姬百合,黃單朵
FL032,姬百合,黃雙朵
FL033,姬百合,黃三朵
FL034,姬百合,黃四朵
FL035,姬百合,黃五朵
FL039,姬百合,黃多朵
FL040,姬百合,粉
FL041,姬百合,粉單朵
FL042,姬百合,粉雙朵
FL043,姬百合,粉三朵
FL044,姬百合,粉四朵
FL045,姬百合,粉五朵
FL049,姬百合,粉多朵
FL060,姬百合,白
FL061,姬百合,白單朵
FL062,姬百合,白雙朵
FL063,姬百合,白三朵
FL064,姬百合,白四朵
FL065,姬百合,白五朵
FL069,姬百合,白多朵
FL070,姬百合,紫
FL071,姬百合,紫單朵
FL072,姬百合,紫雙朵
FL073,姬百合,紫三朵
FL074,姬百合,紫四朵
FL075,姬百合,紫五朵
FL079,姬百合,紫多朵
FL100,LA 百合,
FL110,LA 百合,紅
FL111,LA 百合,紅單朵
FL112,LA 百合,紅雙朵
FL113,LA 百合,紅三朵
FL114,LA 百合,紅四朵
FL115,LA 百合,紅五朵
FL119,LA 百合,紅多朵
FL120,LA 百合,橙
FL121,LA 百合,橙單朵
FL122,LA 百合,橙雙朵
FL123,LA 百合,橙三朵
FL124,LA 百合,橙四朵
FL125,LA 百合,橙五朵
FL129,LA 百合,橙多朵
FL130,LA 百合,黃
FL131,LA 百合,黃單朵
FL132,LA 百合,黃雙朵
FL133,LA 百合,黃三朵
FL134,LA 百合,黃四朵
FL135,LA 百合,黃五朵
FL139,LA 百合,黃多朵
FL140,LA 百合,粉
FL141,LA 百合,粉單朵
FL142,LA 百合,粉雙朵
FL143,LA 百合,粉三朵
FL144,LA 百合,粉四朵
FL145,LA 百合,粉五朵
FL149,LA 百合,粉多朵
FL150,LA 百合,木瓜黃
FL151,LA 百合,木瓜黃單朵
FL152,LA 百合,木瓜黃雙朵
FL153,LA 百合,木瓜黃三朵
FL154,LA 百合,木瓜黃四朵
FL155,LA 百合,木瓜黃五朵
FL159,LA 百合,木瓜黃多朵
FL160,LA 百合,白
FL161,LA 百合,白單朵
FL162,LA 百合,白雙朵
FL163,LA 百合,白三朵
FL164,LA 百合,白四朵
FL165,LA 百合,白五朵
FL169,LA 百合,白多朵
FL220,LA 百合,皇家五號
FL221,LA 百合,皇家五號單朵
FL222,LA 百合,皇家五號雙朵
FL223,LA 百合,皇家五號三朵
FL229,LA 百合,皇家五號多朵
FO000,蘭花,
FO002,腎藥蘭,
FO005,腎藥蘭,淺紅色
FO006,腎藥蘭,深紅色
FO007,千代蘭,
FO008,嘉德麗蘭,
FO009,萬代蘭,
FO010,蜘蛛蘭,
FO011,拖鞋蘭,
FO012,報歲蘭,
FO013,黃后蘭,
FO014,樹蘭,
FO020,萬代蘭,巨輪混色
FO021,萬代蘭,巨輪紅
FO022,萬代蘭,巨輪橙
FO023,萬代蘭,巨輪黃
FO024,萬代蘭,巨輪粉
FO025,萬代蘭,巨輪綠
FO026,萬代蘭,巨輪白
FO027,萬代蘭,巨輪紫
FO028,萬代蘭,巨輪淺紫
FO029,萬代蘭,巨輪棕
FO201,虎頭蘭,大輪
FO202,虎頭蘭,中、小輪
FO203,虎頭蘭,黃金小神童
FO210,虎頭蘭,大輪混色
FO211,虎頭蘭,大輪紅
FO212,虎頭蘭,大輪橙
FO213,虎頭蘭,大輪黃
FO214,虎頭蘭,大輪粉
FO215,虎頭蘭,大輪綠
FO216,虎頭蘭,大輪白
FO220,虎頭蘭,中輪混色
FO221,虎頭蘭,中輪紅
FO222,虎頭蘭,中輪橙
FO223,虎頭蘭,中輪黃
FO224,虎頭蘭,中輪粉
FO225,虎頭蘭,中輪綠
FO226,虎頭蘭,中輪白
FO331,大文心蘭,
FO332,小文心蘭,
FO333,香水文心蘭,
FO334,香水文心蘭,黃金
FO335,檸檬綠文心蘭,
FO339,迷你文心蘭,
FO361,文心蘭,白雪
FO500,石斛蘭,混合色
FO510,石斛蘭,紅
FO517,石斛蘭,大紫紅
FO519,石斛蘭,深紅
FO534,石斛蘭,綠寶石黃
FO540,石斛蘭,粉
FO541,石斛蘭,荷粉
FO560,石斛蘭,白
FO561,石斛蘭,白紅心
FO570,石斛蘭,紫
FO600,蝴蝶蘭,混色
FO601,蝴蝶蘭,斑點
FO602,蝴蝶蘭,線條
FO610,蝴蝶蘭,紅色
FO630,蝴蝶蘭,黃色
FO640,蝴蝶蘭,粉色
FO661,蝴蝶蘭,白紅心
FO663,蝴蝶蘭,白黃心
FR000,玫瑰,
FR001,玫瑰,混合色
FR100,玫瑰,紅
FR101,玫瑰,紅莎曼莎
FR102,玫瑰,成功紅
FR103,玫瑰,芭卡洛黑紅
FR104,玫瑰,嘉卡蘭達紫紅
FR105,玫瑰,櫻紅
FR106,玫瑰,波霸
FR107,玫瑰,第一紅
FR108,玫瑰,佳娜紅
FR109,玫瑰,以色列紅
FR110,玫瑰,古典美人
FR111,玫瑰,新櫻紅
FR112,玫瑰,紅衣武士
FR113,玫瑰,福爾摩沙
FR114,玫瑰,荷蘭紅
FR115,玫瑰,玫瑰紅佳人
FR116,玫瑰,翡翠紅
FR117,玫瑰,萬年紅
FR118,玫瑰,富麗
FR119,玫瑰,黛安娜紅
FR120,玫瑰,埔里之星
FR121,玫瑰,艾曼達
FR122,玫瑰,卡門
FR200,玫瑰,橙
FR201,玫瑰,拉波拉橘粉
FR204,玫瑰,新橙色
FR205,玫瑰,橙粉
FR206,玫瑰,火焰
FR207,玫瑰,黃金
FR300,玫瑰,黃
FR301,玫瑰,金色勳章金黃
FR302,玫瑰,奧斯麥金黃
FR303,玫瑰,漂亮寶貝
FR304,玫瑰,草屯黃
FR305,玫瑰,新種黃
FR306,玫瑰,皇冠
FR400,玫瑰,粉
FR401,玫瑰,薇瓦蒂粉
FR402,玫瑰,薄粉
FR403,玫瑰,牛紅１號
FR404,玫瑰,牛紅２號
FR405,玫瑰,牛紅３號
FR406,玫瑰,草屯粉１號
FR407,玫瑰,草屯粉２號
FR408,玫瑰,黛安娜粉
FR409,玫瑰,新牛紅３號
FR410,玫瑰,丹薇粉
FR411,玫瑰,桃紅
FR412,玫瑰,新香檳粉
FR413,玫瑰,太空粉
FR414,玫瑰,雷射
FR415,玫瑰,大雷射
FR416,玫瑰,以色列粉
FR417,玫瑰,甜心
FR418,玫瑰,佳芳粉
FR419,玫瑰,紅粉佳人
FR420,玫瑰,蘇菲亞
FR421,玫瑰,媚力
FR422,玫瑰,佳人
FR423,玫瑰,諾貝斯
FR424,玫瑰,巨星
FR425,玫瑰,愛麗莎
FR426,玫瑰,彩衣
FR427,玫瑰,胭脂
FR428,玫瑰,雅麗
FR429,玫瑰,鐵達尼
FR430,玫瑰,新鐵達尼
FR431,玫瑰,東方之星
FR432,玫瑰,玉玲瓏
FR433,玫瑰,羽衣
FR434,玫瑰,卡蜜拉
FR435,玫瑰,吾愛
FR436,玫瑰,翡翠粉
FR437,玫瑰,彩鑽
FR438,玫瑰,維納斯
FR439,玫瑰,翡翠香檳
FR440,玫瑰,喜樂香檳
FR450,玫瑰,無限的愛
FR451,玫瑰,翡翠佳人
FR452,玫瑰,珍愛你
FR453,玫瑰,香水玫瑰
FR455,玫瑰,翡翠珍珠
FR456,玫瑰,翡翠甜心
FR457,玫瑰,寶貝粉
FR500,玫瑰,綠
FR501,玫瑰,綠鑽
FR502,玫瑰,蘋果綠
FR600,玫瑰,白
FR601,玫瑰,青殼白
FR602,玫瑰,比浪卡
FR603,玫瑰,草屯白
FR604,玫瑰,茱莉亞
FR605,玫瑰,香妃
FR606,玫瑰,牛奶妹
FR607,玫瑰,翡翠白
FR608,玫瑰,新雪
FR609,玫瑰,翡冷翠
FR700,玫瑰,紫
FR701,玫瑰,紫夫人
FR702,玫瑰,紫天堂
FR703,玫瑰,草屯紫
FR704,玫瑰,紫精靈
FR705,玫瑰,紫天王
FR706,玫瑰,水精靈
FR707,玫瑰,翡翠紫
FR708,玫瑰,紫愛你
FR709,玫瑰,丹尼爾
FR710,玫瑰,真心紫
FR800,玫瑰,雙色
FR801,玫瑰,雙豔
FR802,玫瑰,雙喜
FR803,玫瑰,田納西
FR804,玫瑰,絕代佳人
FR805,玫瑰,熱情
FR806,玫瑰,艾玲卡
FR807,玫瑰,斯波
FR808,玫瑰,拉斐爾
FR809,玫瑰,新熱情
FR810,玫瑰,紅唇
FR811,玫瑰,紅粉情人
FR812,玫瑰,冰火
FR813,玫瑰,好事達
FR814,玫瑰,山中傳奇
FR815,玫瑰,雪之戀
FR900,玫瑰,迷你混合
FR910,玫瑰,迷你紅
FR920,玫瑰,迷你橙
FR930,玫瑰,迷你黃
FR940,玫瑰,迷你粉
FR960,玫瑰,迷你白
FR970,玫瑰,迷你紫
FR980,玫瑰,迷你雙色
FS000,香水百合,
FS001,香水百合,單朵
FS002,香水百合,雙朵
FS003,香水百合,三朵
FS004,香水百合,四朵
FS005,香水百合,五朵
FS009,香水百合,多朵
FS010,香水百合,紅
FS011,香水百合,紅單朵
FS012,香水百合,紅雙朵
FS013,香水百合,紅三朵
FS019,香水百合,紅多朵
FS030,香水百合,黃
FS031,香水百合,黃單朵
FS032,香水百合,黃雙朵
FS033,香水百合,黃三朵
FS039,香水百合,黃多朵
FS040,香水百合,粉
FS041,香水百合,粉單朵
FS042,香水百合,粉雙朵
FS043,香水百合,粉三朵
FS044,香水百合,粉四朵
FS045,香水百合,粉五朵
FS049,香水百合,粉多朵
FS060,香水百合,白
FS061,香水百合,白單朵
FS062,香水百合,白雙朵
FS063,香水百合,白三朵
FS069,香水百合,白多朵
FS110,香水百合,天使之吻
FS111,香水百合,天使之吻單朵
FS112,香水百合,天使之吻雙朵
FS113,香水百合,天使之吻三朵
FS119,香水百合,天使之吻多朵
FS120,香水百合,阿斯卡力
FS121,香水百合,阿斯卡力單朵
FS122,香水百合,阿斯卡力雙朵
FS123,香水百合,阿斯卡力三朵
FS129,香水百合,阿斯卡力多朵
FS130,香水百合,瑪度沙
FS131,香水百合,瑪度沙單朵
FS132,香水百合,瑪度沙雙朵
FS133,香水百合,瑪度沙三朵
FS139,香水百合,瑪度沙多朵
FS140,香水百合,芬芳粉
FS141,香水百合,芬芳粉單朵
FS142,香水百合,芬芳粉雙朵
FS143,香水百合,芬芳粉三朵
FS144,香水百合,芬芳粉四朵
FS145,香水百合,芬芳粉五朵
FS149,香水百合,芬芳粉多朵
FS150,香水百合,普莎蘿粉
FS151,香水百合,普莎蘿粉單朵
FS152,香水百合,普莎蘿粉雙朵
FS153,香水百合,普莎蘿粉三朵
FS154,香水百合,普莎蘿粉四朵
FS155,香水百合,普莎蘿粉五朵
FS159,香水百合,普莎蘿粉多朵
FS160,香水百合,貴族白
FS161,香水百合,貴族白單朵
FS162,香水百合,貴族白雙朵
FS163,香水百合,貴族白三朵
FS164,香水百合,貴族白四朵
FS165,香水百合,貴族白五朵
FS169,香水百合,貴族白多朵
FS170,香水百合,芭芭拉
FS171,香水百合,芭芭拉單朵
FS172,香水百合,芭芭拉雙朵
FS173,香水百合,芭芭拉三朵
FS179,香水百合,芭芭拉多朵
FS180,香水百合,貝妮妮
FS181,香水百合,貝妮妮單朵
FS182,香水百合,貝妮妮雙朵
FS183,香水百合,貝妮妮三朵
FS189,香水百合,貝妮妮多朵
FS190,香水百合,貝佳摩
FS191,香水百合,貝佳摩單朵
FS192,香水百合,貝佳摩雙朵
FS193,香水百合,貝佳摩三朵
FS199,香水百合,貝佳摩多朵
FS210,香水百合,寶貝粉
FS211,香水百合,寶貝粉單朵
FS212,香水百合,寶貝粉雙朵
FS213,香水百合,寶貝粉三朵
FS219,香水百合,寶貝粉多朵
FS220,香水百合,里伯拉
FS221,香水百合,里伯拉單朵
FS222,香水百合,里伯拉雙朵
FS223,香水百合,里伯拉三朵
FS229,香水百合,里伯拉多朵
FS230,香水百合,雷夢娜
FS231,香水百合,雷夢娜單朵
FS232,香水百合,雷夢娜雙朵
FS233,香水百合,雷夢娜三朵
FS239,香水百合,雷夢娜多朵
FS240,香水百合,紅鶴星粉
FS241,香水百合,紅鶴星粉單朵
FS242,香水百合,紅鶴星粉雙朵
FS243,香水百合,紅鶴星粉三朵
FS244,香水百合,紅鶴星粉四朵
FS245,香水百合,紅鶴星粉五朵
FS249,香水百合,紅鶴星粉多朵
FS250,香水百合,姖羅沙
FS251,香水百合,姖羅沙單朵
FS252,香水百合,姖羅沙雙朵
FS253,香水百合,姖羅沙三朵
FS259,香水百合,姬羅沙多朵
FS260,香水百合,西伯利亞
FS261,香水百合,西伯利亞單朵
FS262,香水百合,西伯利亞雙朵
FS263,香水百合,西伯利亞三朵
FS269,香水百合,西伯利亞多朵
FS270,百合,蒙特祖瑪
FS271,百合,蒙特祖瑪單朵
FS272,百合,蒙特祖瑪雙朵
FS273,百合,蒙特祖瑪三朵
FS279,百合,蒙特祖瑪多朵
FS290,香水百合,貝里斯摩
FS291,香水百合,貝里斯摩單朵
FS292,香水百合,貝里斯摩雙朵
FS293,香水百合,貝里斯摩三朵
FS299,香水百合,貝里斯摩多朵
FS330,香水百合,拉曼恰
FS331,香水百合,拉曼恰單朵
FS332,香水百合,拉曼恰雙朵
FS333,香水百合,拉曼恰三朵
FS339,香水百合,拉曼恰多朵
FS340,香水百合,卡登粉
FS341,香水百合,卡登粉單朵
FS342,香水百合,卡登粉雙朵
FS343,香水百合,卡登粉三朵
FS344,香水百合,卡登粉四朵
FS345,香水百合,卡登粉五朵
FS349,香水百合,卡登粉多朵
FS350,香水百合,索邦妮
FS351,香水百合,索邦妮單朵
FS352,香水百合,索邦妮雙朵
FS353,香水百合,索邦妮三朵
FS359,香水百合,索邦妮多朵
FS360,香水百合,辛普隆
FS361,香水百合,辛普隆單朵
FS362,香水百合,辛普隆雙朵
FS363,香水百合,辛普隆三朵
FS369,香水百合,辛普隆多朵
FS380,香水百合,佳樂利
FS381,香水百合,佳樂利單朵
FS382,香水百合,佳樂利雙朵
FS383,香水百合,佳樂利三朵
FS389,香水百合,佳樂利多朵
FS390,香水百合,斯賓諾沙
FS391,香水百合,斯賓諾沙單朵
FS392,香水百合,斯賓諾沙雙朵
FS393,香水百合,斯賓諾沙三朵
FS399,香水百合,斯賓諾沙多朵
FS410,香水百合,法藍西
FS411,香水百合,法藍西單朵
FS412,香水百合,法藍西雙朵
FS413,香水百合,法藍西三朵
FS419,香水百合,法藍西多朵
FS420,香水百合,百老匯
FS421,香水百合,百老匯單朵
FS422,香水百合,百老匯雙朵
FS423,香水百合,百老匯三朵
FS429,香水百合,百老匯多朵
FS430,香水百合,新馬可
FS431,香水百合,新馬可單朵
FS432,香水百合,新馬可雙朵
FS433,香水百合,新馬可三朵
FS439,香水百合,新馬可多朵
FS440,香水百合,馬可波羅粉
FS441,香水百合,馬可波羅粉單朵
FS442,香水百合,馬可波羅粉雙朵
FS443,香水百合,馬可波羅粉三朵
FS444,香水百合,馬可波羅粉四朵
FS445,香水百合,馬可波羅粉五朵
FS449,香水百合,馬可波羅粉多朵
FS450,香水百合,隆巴地亞
FS451,香水百合,隆巴地亞單朵
FS452,香水百合,隆巴地亞雙朵
FS453,香水百合,隆巴地亞三朵
FS459,香水百合,隆巴地亞多朵
FS460,香水百合,白
FS461,香水百合,白單朵
FS462,香水百合,白雙朵
FS463,香水百合,白三朵
FS464,香水百合,白四朵
FS465,香水百合,白五朵
FS469,香水百合,白多朵
FS470,水晶香水,
FS471,水晶香水,單朵
FS472,水晶香水,雙朵
FS473,水晶香水,三朵
FS479,水晶香水,多朵
FS490,香水百合,阿魯巴
FS491,香水百合,阿魯巴單朵
FS492,香水百合,阿魯巴雙朵
FS493,香水百合,阿魯巴三朵
FS499,香水百合,阿魯巴多朵
FS510,香水百合,羅沙多
FS511,香水百合,羅沙多單朵
FS512,香水百合,羅沙多雙朵
FS513,香水百合,羅沙多三朵
FS519,香水百合,羅沙多多朵
FS530,香水百合,賈絲廷娜
FS531,香水百合,賈絲廷娜單朵
FS532,香水百合,賈絲廷娜雙朵
FS533,香水百合,賈絲廷娜三朵
FS539,香水百合,賈絲廷娜多朵
FS540,香水百合,貴族粉
FS541,香水百合,貴族粉單朵
FS542,香水百合,貴族粉雙朵
FS543,香水百合,貴族粉三朵
FS544,香水百合,貴族粉四朵
FS545,香水百合,貴族粉五朵
FS549,香水百合,貴族粉多朵
FS550,威廉亞伯蒂,
FS551,威廉亞伯蒂,單朵
FS552,威廉亞伯蒂,雙朵
FS553,威廉亞伯蒂,三朵
FS559,威廉亞伯蒂,多朵
FS560,馬利歐,
FS561,馬利歐,單朵
FS562,馬利歐,雙朵
FS563,馬利歐,三朵
FS569,馬利歐,多朵
FS570,希拉,
FS571,希拉,單朵
FS572,希拉,雙朵
FS573,希拉,三朵
FS579,希拉,多朵
FS580,珊卓,
FS581,珊卓,單朵
FS582,珊卓,雙朵
FS583,珊卓,三朵
FS589,珊卓,多朵
FS590,薇薇安娜,
FS591,薇薇安娜,單朵
FS592,薇薇安娜,雙朵
FS593,薇薇安娜,三朵
FS599,薇薇安娜,多朵
FS600,香水百合,康卡多
FS601,香水百合,康卡多單朵
FS602,香水百合,康卡多雙朵
FS603,香水百合,康卡多三朵
FS609,香水百合,康卡多多朵
FS610,香水百合,黃晶新娘
FS611,香水百合,黃晶新娘單朵
FS612,香水百合,黃晶新娘雙朵
FS613,香水百合,黃晶新娘三朵
FS619,香水百合,黃晶新娘多朵
FS620,香水百合,耶蘿琳
FS621,香水百合,耶蘿琳單朵
FS622,香水百合,耶蘿琳雙朵
FS623,香水百合,耶蘿琳三朵
FS629,香水百合,耶蘿琳多朵
FS630,OT 曼尼薩,
FS631,OT 曼尼薩,單朵
FS632,OT 曼尼薩,雙朵
FS633,OT 曼尼薩,三朵
FS639,OT 曼尼薩,多朵
FS640,香水百合,邁阿密
FS641,香水百合,邁阿密單朵
FS642,香水百合,邁阿密雙朵
FS643,香水百合,邁阿密三朵
FS649,香水百合,邁阿密多朵
FS650,OT 黃金香水,
FS651,OT 黃金香水,單朵
FS652,OT 黃金香水,雙朵
FS653,OT 黃金香水,三朵
FS659,OT 黃金香水,多朵
FS660,OT 黃金艾曼達,
FS661,OT 黃金艾曼達,單朵
FS662,OT 黃金艾曼達,雙朵
FS663,OT 黃金艾曼達,三朵
FS669,OT 黃金艾曼達,多朵
FS670,OT 羅賓娜,
FS671,OT 羅賓娜,單朵
FS672,OT 羅賓娜,雙朵
FS673,OT 羅賓娜,三朵
FS679,OT 羅賓娜,多朵
FS680,OT 多娜托,
FS681,OT 多娜托,單朵
FS682,OT 多娜托,雙朵
FS683,OT 多娜托,三朵
FS689,OT 多娜托,多朵
FS690,香水百合,OT 法拉索
FS691,香水百合,OT 法拉索單朵
FS692,香水百合,OT 法拉索雙朵
FS693,香水百合,OT 法拉索三朵
FS699,香水百合,OT 法拉索多朵
FS700,OT 百合,巴露塔
FS701,OT 百合,巴露塔單朵
FS702,OT 百合,巴露塔雙朵
FS703,OT 百合,巴露塔三朵
FS709,OT 百合,巴露塔多朵
FS710,香水百合,凱麗湖
FS711,香水百合,凱麗湖單朵
FS712,香水百合,凱麗湖雙朵
FS713,香水百合,凱麗湖三朵
FS719,香水百合,凱麗湖多朵
FS720,百合,布萊斯卡
FS721,百合,布萊斯卡單朵
FS722,百合,布萊斯卡雙朵
FS723,百合,布萊斯卡三朵
FS729,百合,布萊斯卡多朵
FS730,百合,格雷西亞
FS731,百合,格雷西亞單朵
FS732,百合,格雷西亞雙朵
FS733,百合,格雷西亞三朵
FS739,百合,格雷西亞多朵
FS740,香水百合,貝肯多粉
FS741,香水百合,貝肯多粉單朵
FS742,香水百合,貝肯多粉雙朵
FS743,香水百合,貝肯多粉三朵
FS744,香水百合,貝肯多粉四朵
FS745,香水百合,貝肯多粉五朵
FS749,香水百合,貝肯多粉多朵
FS750,OT 百合,賽拉諾
FS751,OT 百合,賽拉諾單朵
FS752,OT 百合,賽拉諾雙朵
FS753,OT 百合,賽拉諾三朵
FS759,OT 百合,賽拉諾多朵
FS760,OT 百合,黃金城市
FS761,OT 百合,黃金城市單朵
FS762,OT 百合,黃金城市雙朵
FS763,OT 百合,黃金城市三朵
FS769,OT 百合,黃金城市多朵
FS770,OT 百合,節奏舞者
FS771,OT 百合,節奏舞者單朵
FS772,OT 百合,節奏舞者二朵
FS773,OT 百合,節奏舞者三朵
FS779,OT 百合,節奏舞者多朵
FS810,百合,皮克
FS811,百合,皮克單朵
FS812,百合,皮克雙朵
FS813,百合,皮克三朵
FS819,百合,皮克多朵
FS820,百合,巴卡蒂
FS821,百合,巴卡蒂單朵
FS822,百合,巴卡蒂二朵
FS823,百合,巴卡蒂三朵
FS829,百合,巴卡蒂多朵
FS830,百合,塔拉果
FS831,百合,塔拉果單朵
FS832,百合,塔拉果二朵
FS833,百合,塔拉果三朵
FS839,百合,塔拉果多朵
FS840,香水百合,吾愛粉
FS841,香水百合,吾愛粉單朵
FS842,香水百合,吾愛粉雙朵
FS843,香水百合,吾愛粉三朵
FS844,香水百合,吾愛粉四朵
FS845,香水百合,吾愛粉五朵
FS849,香水百合,吾愛粉多朵
FS860,百合,贊布拉星
FS861,百合,贊布拉星單朵
FS862,百合,贊布拉星雙朵
FS863,百合,贊布拉星三朵
FS869,百合,贊布拉星多朵
FS940,香水百合,情人
FS941,香水百合,情人單朵
FS942,香水百合,情人雙朵
FS943,香水百合,情人三朵
FS949,香水百合,情人多朵
FT000,鐵砲百合,
FT010,鐵砲百合,紅
FT011,鐵砲百合,紅單朵
FT012,鐵砲百合,紅雙朵
FT013,鐵砲百合,紅三朵
FT019,鐵砲百合,紅多朵
FT030,鐵砲百合,黃
FT031,鐵砲百合,黃單朵
FT032,鐵砲百合,黃雙朵
FT033,鐵砲百合,黃三朵
FT039,鐵砲百合,黃多朵
FT040,鐵砲百合,粉
FT041,鐵砲百合,粉單朵
FT042,鐵砲百合,粉雙朵
FT043,鐵砲百合,粉三朵
FT049,鐵砲百合,粉多朵
FT060,鐵砲百合,白
FT061,鐵砲百合,白單朵
FT062,鐵砲百合,白雙朵
FT063,鐵砲百合,白三朵
FT064,鐵砲百合,白四朵
FT065,鐵砲百合,白五朵
FT069,鐵砲百合,白多朵
FT160,臺灣百合,
FT161,臺灣百合,單朵
FT162,臺灣百合,雙朵
FT163,臺灣百合,三朵
FT169,臺灣百合,多朵
FT260,鐵砲百合,雪后
FT261,鐵砲百合,雪后單朵
FT262,鐵砲百合,雪后雙朵
FT263,鐵砲百合,雪后三朵
FT269,鐵砲百合,雪后多朵
FT360,鐵砲百合,白狐
FT361,鐵砲百合,白狐單朵
FT362,鐵砲百合,白狐雙朵
FT363,鐵砲百合,白狐三朵
FT369,鐵砲百合,白狐多朵
FT460,鐵砲百合,白天使
FT461,鐵砲百合,白天使單朵
FT462,鐵砲百合,白天使雙朵
FT463,鐵砲百合,白天使三朵
FT469,鐵砲百合,白天使多朵
FT560,鐵砲百合,愛維塔
FT561,鐵砲百合,愛維塔單朵
FT562,鐵砲百合,愛維塔雙朵
FT563,鐵砲百合,愛維塔三朵
FT569,鐵砲百合,愛維塔多朵
FT660,鐵砲百合,雷山一號
FT661,鐵砲百合,雷山一號單朵
FT662,鐵砲百合,雷山一號雙朵
FT663,鐵砲百合,雷山一號三朵
FT669,鐵砲百合,雷山一號多朵
FT710,LO 特里昂菲特,
FT711,LO 特里昂菲特,單朵
FT712,LO 特里昂菲特,雙朵
FT713,LO 特里昂菲特,三朵
FT719,LO 特里昂菲特,多朵
FT720,LO 王后粉,
FT721,LO 王后粉,單朵
FT722,LO 王后粉,雙朵
FT723,LO 王后粉,三朵
FT729,LO 王后粉,多朵
FU000,洋桔梗,
FU101,洋桔梗,單瓣(混色)
FU111,洋桔梗,單瓣紅
FU131,洋桔梗,單瓣黃
FU141,洋桔梗,單瓣粉
FU142,洋桔梗,可愛粉
FU151,洋吉梗,單瓣彩藍
FU152,洋桔梗,單瓣綠
FU153,洋桔梗,單瓣藍星
FU154,洋桔梗,可愛綠
FU161,洋桔梗,單瓣白
FU171,洋桔梗,單瓣紫
FU172,洋桔梗,可愛紫
FU211,洋桔梗,單瓣白紅邊
FU241,洋桔梗,單瓣白粉邊
FU271,洋桔梗,單瓣白紫邊
FU272,洋桔梗,彼得 2 號白紫
FU273,洋桔梗,北斗星白紫
FU274,洋桔梗,莫內馬林白紫
FU402,洋桔梗,雙瓣(混色)
FU412,洋桔梗,雙瓣紅
FU413,洋桔梗,蝴蠂櫻紅
FU414,洋桔梗,露娜美桃
FU415,洋桔梗,艾瑞娜桃
FU420,洋桔梗,新喜香檳
FU432,洋桔梗,雙瓣黃
FU433,洋桔梗,羅莎黃
FU434,洋桔梗,奶油泡芙
FU435,洋桔梗,順風黃
FU442,洋桔梗,雙瓣粉
FU443,洋桔梗,羅莎彩粉
FU444,洋桔梗,羅西娜彩粉
FU445,洋桔梗,禮儀淺粉
FU446,洋桔梗,艾瑞娜粉
FU447,洋桔梗,艾瑞娜香檳粉
FU448,洋桔梗,克萊麗
FU449,洋桔梗,艾瑞娜彩粉
FU450,洋桔梗,新喜彩粉
FU451,洋桔梗,順風杏粉
FU452,洋吉梗,雙瓣彩藍
FU453,洋桔梗,雙瓣綠
FU454,洋桔梗,羅莎綠
FU455,洋桔梗,羅西娜綠
FU456,洋桔梗,吉美 1 號綠
FU457,洋桔梗,順風綠
FU458,洋桔梗,艾瑞娜綠
FU462,洋桔梗,雙瓣白
FU463,洋桔梗,小羅莎白
FU464,洋桔梗,舞曲白
FU465,洋桔梗,神奇白
FU466,洋桔梗,超級神奇白
FU467,洋桔梗,艾瑞娜白
FU468,洋桔梗,石中劍白 1
FU469,洋桔梗,皇后白
FU472,洋桔梗,雙瓣紫
FU473,洋桔梗,國王淡紫
FU474,洋桔梗,國王紫
FU475,洋桔梗,羅莎淡紫
FU476,洋桔梗,羅莎紫
FU477,洋桔梗,羅西娜薰衣草紫
FU478,洋桔梗,羅西娜紫
FU479,洋桔梗,波卡
FU480,洋桔梗,順風紫
FU481,洋桔梗,卡門紫
FU512,洋桔梗,雙瓣白紅邊
FU542,洋桔梗,雙瓣白粉邊
FU543,洋桔梗,羅西娜白粉
FU544,洋桔梗,鑽石白粉
FU545,洋桔梗,小羅莎白粉
FU551,洋桔梗,舞曲彩藍
FU552,洋桔梗,禮儀彩藍
FU553,洋桔梗,羅西娜彩藍
FU572,洋桔梗,雙瓣白紫邊
FU573,洋桔梗,神奇白紫
FU574,洋桔梗,舞曲白紫
FU575,洋桔梗,海之波
FU673,洋桔梗,三角桔梗
FW000,重量計花卉,
FW030,金慧星,
FW100,星辰花,混色
FW110,星辰花,紅
FW111,星辰花,大湖熱情
FW112,星辰花,大湖桃紅
FW113,星辰花,玫瑰紅
FW114,星辰花,大湖魅力
FW130,星辰花,黃
FW140,星辰花,粉
FW141,星辰花,大湖魅力
FW160,星辰花,白
FW170,星辰花,紫
FW171,貝麗星辰,
FW172,補血草,
FW173,星辰花,紫色之戀
FW174,星辰花,粉仙紫
FW175,星辰花,藍河翼
FW200,孔雀草,
FW210,孔雀混色,
FW240,粉孔雀,
FW260,白孔雀,
FW261,白孔雀,雪珍珠
FW270,紫孔雀,
FW271,紫孔雀,春天
FW440,卡斯比亞粉色,
FW450,卡斯比亞藍寶石,
FW470,卡斯比亞紫,
FW471,卡斯比亞,帶葉
FW472,卡斯比亞,無葉
FW510,滿天星,紅
FW540,滿天星,粉
FW541,滿天星,粉仙子
FW560,滿天星,白
FW561,滿天星,以色列
FW562,滿天星,雪子
FW563,滿天星,Million
FW565,滿天星,星光
FW566,滿天星,雪后
FW567,滿天星,牽牛星
FW568,滿天星,銀河
FW600,水晶花,混合
FW630,水晶花,金鑽
FW631,水晶花,黃鑽
FW640,水晶花,粉鑽
FW660,水晶花,銀鑽
FW661,水晶花,白鑽
FY000,切葉類,
FY001,尤加利葉,
FY002,壽松,
FY003,唐棉,
FY004,黃椰心葉,
FY005,文竹(新娘花),
FY006,武竹(天門冬),
FY007,武竹(狐尾),
FY008,銀龍柳,
FY009,電信蘭葉,
FY010,七里香,
FY011,火鶴葉,
FY012,新西蘭葉,
FY013,星點木,
FY014,征木,
FY015,葉蘭,
FY016,五彩千年木,
FY017,八角金盤,
FY018,蓮蓬,
FY019,射干,
FY020,金雀花,
FY021,扁柏,
FY022,鋸齒蔓綠絨葉,
FY023,龜背觀音蓮葉,
FY024,蘆筍草,
FY025,香冠柏,
FY026,觀賞南瓜,
FY027,虎斑木葉,
FY028,高梁,
FY029,六月雪,
FY030,新文竹,
FY031,牛頭茄,
FY032,紅星,
FY033,雁來紅,
FY034,三角尤加利,
FY035,龍文蘭,
FY036,金花草,
FY037,長春籐,
FY038,吊蘭,
FY039,木瓜葉,
FY040,班太蘭,
FY041,水燭花,
FY042,桃花,
FY043,茶花,
FY044,白斑征木,
FY045,小黃邊征木,
FY046,斑葉女真,
FY047,新西蘭株,
FY049,紅茄(番柿),
FY050,山蘇葉,
FY051,台灣蘇鐵葉,
FY052,麻葉繡球<小手球,
,> ,
FY053,觀賞辣椒,
FY054,孔雀竹竽,
FY055,紅莧菜,
FY056,黃秋葵,
FY057,百合竹,
FY058,綿羊齒,
FY059,虎尾蘭,
FY060,彩色海芋葉,
FY061,洛神葵,
FY062,觀賞玉米,
FY063,小米,
FY064,小麥,
FY065,合果芋葉,
FY066,蚌蘭葉,
FY067,黃金葛葉,
FY068,聖誕果,
FY069,天堂鳥葉,
FY070,白玉葉片,
FY071,雪松,
FY072,石化柳,
FY073,米柳,
FY074,斑春葉,
FY075,黃金側柏,
FY076,小林投葉,
FY077,變色葉,
FY078,彩竹葉,
FY079,宿馨,
FY080,青蘋果,
FY081,圓葉,
FY082,春樹蘭,
FY083,紐西蘭麻,
FY084,火龍果,
FY085,珠廉,
FY086,綠春蘭葉,
FY087,樺木,
FY088,黃椰心,
FY089,黃征木,
FY090,綠征木,
FY091,傘高梁,
FY092,赤芽柳,
FY093,水燭葉,
FY094,斑葉蘭,
FY095,卓我,
FY096,石化米柳,
FY097,降天桑,
FY098,染色觀音棕竹葉,
FY099,銀蘆,
FY100,山防風,
FY115,條紋葉蘭,
FY117,香茅,
FY230,葉牡丹,
FY234,葉牡丹,粉
FY236,葉牡丹,白
FY237,葉牡丹,紫
FY980,玉羊齒,
FY981,高山羊齒,
FY982,木羊齒,
FY991,青竹,
FY992,紅竹,
FY993,白竹,
FY994,花竹,
FY995,黃金竹,
FY996,蓮花竹,
IA000,進口康乃馨,中大輪
IA001,進口康乃馨,混合色
IA100,進口康乃馨,紅
IA101,進口康乃馨,清紅
IA102,進口康乃馨,深紅
IA103,進口康乃馨,橙紅
IA104,進口康乃馨,櫻紅
IA120,進口康乃馨,紅羽毛
IA200,進口康乃馨,橙
IA220,進口康乃馨,橙羽毛
IA300,進口康乃馨,黃
IA301,進口康乃馨,深黃
IA302,進口康乃馨,淺黃
IA303,進口康乃馨,橙黃
IA304,進口康乃馨,雙色金紅
IA320,進口康乃馨,黃羽毛
IA400,進口康乃馨,粉
IA401,進口康乃馨,深粉
IA402,進口康乃馨,淺粉
IA403,進口康乃馨,薄粉
IA420,進口康乃馨,粉羽毛
IA500,進口康乃馨,綠
IA600,進口康乃馨,白
IA601,進口康乃馨,清白
IA602,進口康乃馨,牛奶白
IA603,進口康乃馨,白帶紅
IA604,進口康乃馨,黃帶紫
IA605,進口康乃馨,白帶紫
IA606,進口康乃馨,黃帶紅
IA607,進口康乃馨,粉帶紅
IA608,進口康乃馨,粉帶白
IA609,進口康乃馨,粉帶紫
IA700,進口康乃馨,紫
IA800,進口康乃馨,多朵混色
IA810,進口康乃馨,多朵紅
IA811,進口康乃馨,多朵櫻紅
IA814,進口康乃馨,滿意
IA820,進口康乃馨,多朵橙
IA830,進口康乃馨,多朵黃
IA840,進口康乃馨,多朵粉
IA841,進口康乃馨,多朵淺粉
IA860,進口康乃馨,多朵白
IA870,進口康乃馨,多朵紫
IA872,康乃馨,史波特
IA881,進口康乃馨,多朵紅帶白
IA882,進口康乃馨,多朵紅帶粉
IA883,進口康乃馨,多朵橙帶紅
IA884,進口康乃馨,多朵黃帶紅
IA885,進口康乃馨,多朵黃帶紫
IA886,進口康乃馨,多朵白帶紅
IA887,進口康乃馨,多朵白帶紫
IA900,進口小可愛,(混色)
IA910,進口小可愛,紅
IA920,進口小可愛,橙
IA930,進口小可愛,黃
IA940,進口小可愛,粉
IA960,進口小可愛,白
IA970,進口小可愛,紫
IA980,進口美女撫子,
IB000,進口火鶴花,
IB001,進口火鶴花,混色
IB100,進口火鶴花,紅色
IB101,進口火鶴花,紅紅心
IB102,進口火鶴花,紅黃心
IB103,進口火鶴花,紅青心
IB104,進口火鶴花,小耳朵
IB105,進口火鶴花,紅綠邊
IB106,進口火鶴花,丘比特
IB200,進口火鶴花,橙色
IB301,進口火鶴花,金龍
IB400,進口火鶴花,粉色
IB401,進口火鶴花,夏粉
IB402,進口火鶴花,荷粉
IB403,進口火鶴花,珊瑚粉
IB404,進口火鶴花,粉新娘
IB405,進口火鶴花,粉綠邊
IB406,進口火鶴花,粉公主
IB407,進口火鶴花,夢幻
IB408,進口火鶴花,粉佳人
IB415,火鶴花,羅莎
IB500,進口火鶴花,翠綠
IB502,進口火鶴花,綠紅心
IB508,進口火鶴花,青龍
IB600,進口火鶴花,白色
IB601,進口火鶴花,白青心
IB602,進口火鶴花,白黃心
IB603,進口火鶴花,白紅心
IB604,進口火鶴花,白綠邊
IC000,進口大菊,
IC001,進口大菊,混合色
IC100,進口大菊,紅
IC101,進口大菊,陽炎
IC102,進口大菊,英國紅
IC103,進口大菊,德國紅
IC104,進口大菊,紅初鳳
IC105,進口大菊,香港紅
IC106,進口大菊,新力紅
IC107,進口大菊,紅鳳
IC108,進口大菊,紅貴妃
IC109,進口大菊,咖哩紅
IC110,進口大菊,仙桃光
IC111,進口大菊,顏之春
IC112,進口大菊,硬枝紅
IC113,進口大菊,桃太郎
IC115,進口大菊,新粉紅
IC116,進口大菊,花御殿
IC117,進口大菊,紅秀鳳
IC130,進口大菊,麵線菊紅
IC200,進口大菊,金
IC201,進口大菊,金初鳳
IC202,進口大菊,精英金
IC204,進口大菊,妙心
IC205,大菊,金莎
IC300,進口大菊,黃
IC301,進口大菊,黃秀鳳
IC302,進口大菊,世界一
IC303,進口大菊,冬王
IC304,進口大菊,新王妃
IC305,進口大菊,雁之妃
IC306,進口大菊,日本黃
IC307,進口大菊,木瓜黃
IC308,進口大菊,新種黃
IC309,進口大菊,黃東亞
IC310,進口大菊,新東亞
IC311,進口大菊,黃月友
IC312,進口大菊,尖葉黃
IC313,進口大菊,矮仔黃
IC314,進口大菊,黃丁字菊
IC315,進口大菊,青心黃
IC316,進口大菊,黃精競
IC317,進口大菊,大頭黃
IC318,進口大菊,黃東陽
IC330,進口大菊,黃麵線菊
IC345,進口大菊,黃斯不列
IC350,進口大菊,黃乒乓
IC380,進口大菊,黃八媛
IC400,進口大菊,粉
IC401,進口大菊,杏紅
IC402,進口大菊,精英粉
IC403,進口大菊,簽粉
IC404,進口大菊,粉初鳳
IC405,進口大菊,千台英
IC406,進口大菊,平頭粉
IC407,進口大菊,硬枝粉
IC408,進口大菊,粉乒乓
IC480,進口大菊,粉八媛
IC500,進口大菊,綠
IC501,進口大菊,綠絲菊
IC508,進口大菊,綠乒乓
IC600,進口大菊,白
IC601,進口大菊,日本白
IC602,進口大菊,白大將
IC603,進口大菊,白玉
IC604,進口大菊,白領
IC605,進口大菊,白鳳
IC606,進口大菊,精英白
IC607,進口大菊,大頭白
IC608,進口大菊,白乒乓
IC609,進口大菊,白東洋
IC610,進口大菊,丁字菊
IC611,進口大菊,白秀鳳
IC612,進口大菊,白雪山
IC613,進口大菊,白天星
IC614,進口大菊,雲水
IC630,進口大菊,白麵線菊
IC645,進口大菊,白斯不列
IC680,進口大菊,白八媛
ID000,進口小菊,
ID001,進口小菊,混合色
ID100,進口小菊,紅
ID101,進口小菊,紅鳳
ID102,進口小菊,紅花娘
ID103,進口小菊,空心紅
ID104,進口小菊,紅銅錢
ID105,進口小菊,紅初朝
ID106,進口小菊,紅炎
ID107,進口小菊,大新紅
ID109,進口小菊,陽炎小紅
ID110,進口小菊,咖啡小紅
ID111,進口小菊,咖哩小紅
ID112,進口小菊,紅雲南菊
ID113,進口小菊,日本小紅
ID114,進口小菊,桃太郎
ID115,進口小菊,紅初鳳
ID116,進口小菊,林哥紅
ID117,進口小菊,紅日
ID118,進口小菊,哈雷紅
ID119,進口小菊,龍鳳小紅
ID120,進口小菊,紅天星
ID121,進口小菊,紅美人
ID122,進口小菊,湯匙紅
ID123,進口小菊,鑽石紅
ID124,進口小菊,龍鳳紫
ID125,進口小菊,大一點紅
ID126,進口小菊,百花小紅
ID127,進口小菊,雙色紅
ID128,進口小菊,老虎紅
ID129,進口小菊,小桃紅
ID130,進口小菊,露水小紅
ID131,進口小菊,小紅娘
ID132,進口小菊,珍珠紅
ID145,進口小菊,紅斯不列
ID150,進口小菊,紅風車
ID200,進口小菊,金
ID201,進口小菊,金咖啡
ID202,進口小菊,淺小金
ID203,進口小菊,金小菊
ID204,進口小菊,小金紅
ID205,進口小菊,金初鳳
ID206,進口小菊,雙色金紅
ID207,進口小菊,雙色金黃
ID208,進口小菊,金孔雀
ID209,進口小菊,椪柑
ID210,進口小菊,吉金祥
ID211,進口小菊,德國風車
ID245,進口小菊,金斯不列
ID250,進口小菊,金風車
ID300,進口小菊,黃
ID301,進口小菊,黃金月
ID302,進口小菊,黃銅錢
ID303,進口小菊,空心黃
ID304,進口小菊,聖誕球
ID305,進口小菊,黃初朝
ID306,進口小菊,多朵秀鳳
ID307,進口小菊,黃乒乓
ID308,進口小菊,黃丁字菊
ID309,進口小菊,日本黃
ID310,進口小菊,青心黃
ID311,進口小菊,木瓜黃
ID312,進口小菊,黑心小黃
ID313,進口小菊,湯匙黃
ID314,進口小菊,鈕扣菊黃
ID315,進口小菊,黃鑽石
ID316,進口小菊,冬月小黃
ID317,進口小菊,跳舞黃
ID318,進口小菊,小光輝
ID319,進口小菊,木瓜黃
ID320,進口小菊,荷蘭黃
ID325,進口小菊,黃瑪格麗特
ID330,進口小菊,黃麵線小菊
ID345,進口小菊,黃斯不列
ID400,進口小菊,粉
ID401,進口小菊,秋陽
ID402,進口小菊,大新粉
ID403,進口小菊,空心粉
ID404,進口小菊,花花世界
ID405,進口小菊,寒初朝
ID406,進口小菊,阿來粉
ID407,進口小菊,粉乒乓
ID408,進口小菊,瓊桃粉
ID409,進口小菊,炎陽粉
ID410,進口小菊,林哥粉
ID411,進口小菊,湯匙粉
ID412,進口小菊,粉雲南菊
ID413,進口小菊,粉初鳳
ID414,進口小菊,大陸粉
ID415,進口小菊,哈雷粉
ID416,進口小菊,珍珠粉
ID417,進口小菊,粉炎
ID418,進口小菊,粉火焰
ID419,進口小菊,日月小粉
ID420,進口小菊,荷蘭粉
ID421,進口小菊,水玲瓏
ID422,進口小菊,吉祥小粉
ID423,進口小菊,粉日記
ID425,進口小菊,瑪格麗特粉
ID426,進口小菊,香檳哈雷
ID427,進口小菊,粉佳人
ID428,進口小菊,日曆小粉
ID429,進口小菊,桃枝
ID430,進口小菊,麵線菊粉
ID431,進口小菊,桃紅雲南菊
ID434,進口小菊,英國風車
ID445,進口小菊,粉斯不列
ID446,進口小菊,粉觀音
ID450,進口小菊,粉風車
ID451,進口小菊,舞風車
ID500,進口小菊,綠
ID501,進口小菊,如玉
ID505,進口小菊,福澤
ID600,進口小菊,白
ID601,進口小菊,丁字菊白
ID602,進口小菊,白銅錢
ID603,進口小菊,空心白(短瓣)
ID604,進口小菊,空心白(長瓣)
ID605,進口小菊,白初朝
ID607,進口小菊,白乒乓
ID608,進口小菊,小秋白
ID609,進口小菊,雞眼小白
ID610,進口小菊,青心小白
ID611,進口小菊,新丁字白
ID612,進口小菊,白雲南菊
ID613,進口小菊,鈕扣菊白
ID614,進口法國,小菊白
ID615,進口小菊,翠玉
ID616,進口小菊,跳舞白
ID617,進口小菊,白觀音
ID618,進口小菊,白鑽石
ID619,進口小菊,小雪球白
ID620,進口小菊,荷蘭小白
ID621,進口小菊,川涼
ID623,進口小菊,相思小白
ID625,進口小菊,白瑪格麗特
ID630,進口小菊,白麵線小菊
ID645,進口小菊,白斯不列
ID712,進口小菊,紫雲南菊
ID800,進口小菊,染色小菊
ID900,進口小菊,迷你翠菊
IE000,進口非洲菊,
IE001,進口非洲菊,混合色
IE100,進口非洲菊,紅
IE101,進口非洲菊,雙色紅
IE200,進口非洲菊,橙
IE201,進口非洲菊,太陽神
IE202,進口非洲菊,沙丘
IE300,進口非洲菊,黃
IE400,進口非洲菊,粉
IE401,進口非洲菊,伊斯瑪拉
IE406,進口非洲菊,粉佳人
IE408,進口非洲菊,粉紅佳人
IE600,進口非洲菊,白
IE700,進口非洲菊,紫
IE701,進口非洲菊,紫王子
IE900,進口非洲菊,迷你混色
IE910,進口非洲菊,迷你紅
IE920,進口非洲菊,迷你橙
IE930,進口非洲菊,迷你黃
IE940,進口非洲菊,迷你粉
IE960,進口非洲菊,迷你白
IE970,進口非洲菊,迷你紫
IG000,進口劍蘭,
IG001,進口劍蘭,混合色
IG100,進口劍蘭,紅
IG101,進口劍蘭,４號
IG102,進口劍蘭,１３號
IG103,進口劍蘭,４２號
IG104,進口劍蘭,２２３號
IG105,進口劍蘭,２３５號
IG106,進口劍蘭,馬得利
IG107,進口劍蘭,黑骨
IG108,進口劍蘭,櫻紅
IG109,進口劍蘭,胭脂紅
IG110,進口劍蘭,玫瑰紅
IG111,進口劍蘭,４３號
IG112,進口劍蘭,新櫻紅
IG113,進口劍蘭,新種紅
IG114,進口劍蘭,新２２３號
IG115,進口劍蘭,２４３號
IG116,進口劍蘭,雙色金紅
IG118,進口劍蘭,２７８號
IG119,進口劍蘭,２７９號
IG120,進口劍蘭,黑骨紅
IG200,進口劍蘭,橙
IG201,進口劍蘭,橙粉
IG300,進口劍蘭,黃
IG301,進口劍蘭,深黃
IG302,進口劍蘭,淺黃
IG303,進口劍蘭,黃紅心
IG400,進口劍蘭,粉
IG401,進口劍蘭,新粉
IG402,進口劍蘭,司胖
IG403,進口劍蘭,馬粉
IG404,進口劍蘭,桃粉
IG405,進口劍蘭,薄粉
IG406,進口劍蘭,青殼粉
IG407,進口劍蘭,粉紅心
IG408,進口劍蘭,５１２號
IG409,進口劍蘭,５１３號
IG410,進口劍蘭,５１５號
IG411,進口劍蘭,粉紅佳人
IG412,進口劍蘭,粉巨人
IG413,進口劍蘭,新司胖
IG414,進口劍蘭,美國粉
IG415,進口劍蘭,夏日玫瑰
IG416,進口劍蘭,４４３６號
IG600,進口劍蘭,白
IG601,進口劍蘭,大白
IG602,進口劍蘭,阿姆斯特丹
IG603,進口劍蘭,白紅心
IG700,進口劍蘭,紫
IG701,進口劍蘭,深紫
IG702,進口劍蘭,淺紫
IG703,進口劍蘭,深絨紫
IG704,進口劍蘭,黑紫
IG705,進口劍蘭,紫藍
IG706,進口劍蘭,紫白心
IH000,進口其它花卉,
IH002,進口拍賣花朵,
IH048,進口連翹,
IH050,進口水仙百合,混色
IH051,進口水仙百合,紅
IH052,進口水仙百合,橙
IH053,進口水仙百合,黃
IH054,進口水仙百合,粉
IH056,進口水仙百合,白
IH057,進口水仙百合,紫
IH061,進口水仙百合,紫紅
IH062,進口水仙百合,雙色
IH063,進口水仙百合,白帶紅
IH071,進口石蒜,紅花
IH072,進口石蒜,金花
IH074,進口石蒜,粉花
IH080,進口萱草,
IH090,進口針墊花,
IH101,進口天堂鳥,
IH111,進口小天堂鳥,紅
IH112,進口小天堂鳥,桔帶紅
IH113,進口小天堂鳥,黃
IH114,進口小天堂鳥,粉紅
IH120,進口羽毛花,
IH123,進口黃金鳥,
IH125,進口翠珠花,
IH130,進口文珠蘭,
IH131,進口鶴焦,
IH132,進口小鶴蕉,
IH135,進口垂焦,
IH136,進口白蓮蕉,
IH137,進口觀音蓮,
IH138,進口美人蕉,
IH139,進口石玫瑰,
IH140,進口薑荷花,
IH145,進口金盞花,
IH152,進口野薑花,橙
IH156,進口野薑花,白
IH158,進口紅薑花,
IH159,進口球薑花,
IH164,進口火炬花,
IH170,進口狐尾百合,
IH180,進口宮燈百合,
IH185,進口嘉蘭,
IH190,進口鳴子百合,
IH195,進口玉蘭花,
IH201,進口貓柳,
IH202,進口貓柳,大粒
IH203,進口貓柳,開叉
IH210,進口夕霧草,
IH215,進口段菊,
IH220,進口羽扇豆,
IH225,進口帝王花,
IH231,進口夜來香,單瓣
IH232,進口夜來香,重瓣
IH240,進口麥桿菊,
IH245,進口初雪草,
IH251,進口秀線,
IH256,進口白秀線,
IH260,進口丹頂(蔥花),
IH270,進口千日紅,
IH280,進口古代稀,
IH293,進口向日葵,單瓣
IH294,進口向日葵,重瓣
IH301,進口波斯菊,
IH302,進口矢車菊,
IH303,進口琉璃菊,
IH304,進口鱗托菊,
IH305,進口白友禪菊,
IH307,進口瓜葉菊,
IH308,進口白藍菊,
IH309,進口牡丹花,
IH310,進口大理花,混色
IH311,進口大理花,紅色
IH313,進口大理花,黃色
IH314,進口大理花,粉色
IH317,進口大理花,紫色
IH318,進口大理花,雙色
IH320,進口薊花(紅花),
IH330,進口雞冠花,
IH335,進口槍型雞冠花,
IH340,進口火焰雞冠花,
IH350,進口夢幻草,
IH355,進口鳳梨花,
IH356,進口觀果鳳梨花,
IH357,進口觀花鳳梨花,
IH360,進口金魚草,混色
IH361,進口金魚草,紅色
IH363,進口金魚草,黃色
IH364,進口金魚草,粉色
IH366,進口金魚草,白色
IH368,進口金魚草,雙色
IH370,進口千鳥草,
IH375,進口大飛燕草,
IH376,進口小飛燕草,
IH380,進口鳳尾草,
IH381,進口麒麟草,
IH390,進口泡盛草,
IH395,進口虎尾花,
IH410,進口愛麗絲,混色
IH413,進口愛麗絲,黃色
IH416,進口愛麗絲,白色
IH417,進口愛麗絲,淺藍色
IH418,進口愛麗絲,深藍色
IH420,進口孤挺花,
IH421,進口桃樂西孤挺花,
IH440,進口小蒼蘭,混色
IH441,進口小蒼蘭,紅色
IH442,進口小蒼蘭,橙色
IH443,進口小蒼蘭,黃色
IH444,進口小蒼蘭,粉色
IH446,進口小蒼蘭,白色
IH447,進口小蒼蘭,紫色
IH450,進口紫羅蘭,單瓣
IH451,進口紫羅蘭,重瓣
IH460,進口繡球花,
IH470,進口仙丹花,
IH480,進口龍膽,
IH485,進口風鈴花,
IH490,進口白頭翁,
IH495,進口陸蓮花,
IH500,進口風信子,
IH521,進口迥香,黃
IH522,進口迥香,白
IH580,進口花菖蒲,
IH600,進口臘梅,
IH610,進口鬱金香,混色
IH611,進口鬱金香,紅色
IH612,進口鬱金香,橙色
IH613,進口鬱金香,黃色
IH614,進口鬱金香,粉色
IH616,進口鬱金香,白色
IH617,進口鬱金香,紫色
IH618,進口鬱金香,雙色
IH620,進口水仙花,
IH626,進口白鶴芋,
IH630,進口海芋,混色
IH631,進口海芋,紅
IH632,進口海芋,橙
IH633,進口海芋,黃
IH634,進口海芋,粉
IH635,進口海芋,綠
IH636,進口海芋,白
IH637,進口海芋,紫
IH638,進口海芋,乳白
IH640,進口睡蓮,
IH650,進口荷花,
IH660,進口天鵝絨,
IH661,進口伯利恆之星,
IH670,進口茉莉花,
IH680,進口君子蘭,
IH690,進口火球花,
IH700,進口寒丁子<王冠,
,> ,
IH710,進口深山櫻,
IH720,進口貝殼花,
IH730,進口黑種草,
IH740,進口金翠花,
IH750,進口百子蓮<愛情,
,> ,
IH757,進口百子蓮,大紫
IH760,進口火炬百合,
IH770,進口非洲鬱金香,
IH780,進口玉米百合,
IH790,進口藍星花,
IH890,進口袋鼠花,
IH900,進口紫嬌花,
IK000,進口葵百合,
IK001,進口葵百合,單朵
IK002,進口葵百合,雙朵
IK003,進口葵百合,三朵
IK009,進口葵百合,多朵
IK040,進口葵百合,粉
IK041,進口葵百合,粉單朵
IK042,進口葵百合,粉雙朵
IK043,進口葵百合,粉三朵
IK044,進口葵百合,粉四朵
IK045,進口葵百合,粉五朵
IK049,進口葵百合,粉多朵
IK110,進口葵百合,蘿拉紅
IK111,進口葵百合,蘿拉紅單朵
IK113,進口葵百合,蘿拉紅三朵
IK114,進口葵百合,蘿拉紅四朵
IK115,進口葵百合,蘿拉紅五朵
IK119,進口葵百合,蘿拉紅多朵
IK210,進口葵百合,奧林匹克紅
IK211,進口葵百合,奧林匹克紅單朵
IK212,進口葵百合,奧林匹克紅雙朵
IK213,進口葵百合,奧林匹克紅三朵
IK214,進口葵百合,奧林匹克紅四朵
IK215,進口葵百合,奧林匹克紅五朵
IK219,進口葵百合,奧林匹克多朵
IK310,進口葵百合,紅
IK311,進口葵百合,紅單朵
IK312,進口葵百合,紅雙朵
IK313,進口葵百合,紅三朵
IK314,進口葵百合,紅四朵
IK315,進口葵百合,紅五朵
IK319,進口葵百合,紅多朵
IK340,進口葵百合,瑪麗粉
IK341,進口葵百合,瑪麗粉單朵
IK342,進口葵百合,瑪麗粉雙朵
IK343,進口葵百合,瑪麗粉三朵
IK344,進口葵百合,瑪麗粉四朵
IK345,進口葵百合,瑪麗粉五朵
IK349,進口葵百合,瑪麗粉多朵
IK410,進口葵百合,阿卡波克紅
IK411,進口葵百合,阿卡波克紅單朵
IK412,進口葵百合,阿卡波克紅雙朵
IK413,進口葵百合,阿卡波克紅三朵
IK414,進口葵百合,阿卡波克紅四朵
IK415,進口葵百合,阿卡波克紅五朵
IK419,進口葵百合,阿卡波克紅多朵
IK540,進口葵百合,卡斯克德粉
IK541,進口葵百合,卡斯克德粉單朵
IK542,進口葵百合,卡斯克德粉雙朵
IK543,進口葵百合,卡斯克德粉三朵
IK544,進口葵百合,卡斯克德粉四朵
IK545,進口葵百合,卡斯克德粉五朵
IK549,進口葵百合,卡斯克德粉多朵
IL000,進口姬百合,
IL010,進口姬百合,紅
IL011,進口姬百合,紅單朵
IL012,進口姬百合,紅雙朵
IK112,進口葵百合,蘿拉紅雙朵
IL013,進口姬百合,紅三朵
IL014,進口姬百合,紅四朵
IL015,進口姬百合,紅五朵
IL019,進口姬百合,紅多朵
IL020,進口姬百合,橙
IL021,進口姬百合,橙單朵
IL022,進口姬百合,橙雙朵
IL023,進口姬百合,橙三朵
IL024,進口姬百合,橙四朵
IL025,進口姬百合,橙五朵
IL029,進口姬百合,橙多朵
IL030,進口姬百合,黃
IL031,進口姬百合,黃單朵
IL032,進口姬百合,黃雙朵
IL033,進口姬百合,黃三朵
IL034,進口姬百合,黃四朵
IL035,進口姬百合,黃五朵
IL039,進口姬百合,黃多朵
IL040,進口姬百合,粉
IL041,進口姬百合,粉單朵
IL042,進口姬百合,粉雙朵
IL043,進口姬百合,粉三朵
IL044,進口姬百合,粉四朵
IL045,進口姬百合,粉五朵
IL049,進口姬百合,粉多朵
IL060,進口姬百合,白
IL061,進口姬百合,白單朵
IL062,進口姬百合,白雙朵
IL063,進口姬百合,白三朵
IL064,進口姬百合,白四朵
IL065,進口姬百合,白五朵
IL069,進口姬百合,白多朵
IL079,進口 LA 百合,紫多朵
IL100,進口 LA 百合,
IL119,進口 LA 百合,紅多朵
IL129,進口 LA 百合,橙多朵
IL139,進口 LA 百合,黃多朵
IL149,進口 LA 百合,粉多朵
IL159,進口 LA 百合,木瓜黃多朵
IL169,進口 LA 百合,白多朵
IL220,LA 百合,皇家五號
IO000,進口蘭花,
IO007,進口千代蘭,
IO008,進口嘉德麗蘭,
IO009,進口萬代蘭,
IO010,進口蜘蛛蘭,
IO011,進口拖鞋蘭,
IO012,進口報歲蘭,
IO013,進口黃后蘭,
IO014,進口樹蘭,
IO023,進口虎頭蘭,黃金小神童
IO201,進口虎頭蘭,大輪
IO202,進口虎頭蘭,中.小輪
IO331,進口大文心蘭,
IO332,進口小文心蘭,
IO333,進口香水文心蘭,
IO500,進口石斛蘭,混合色
IO510,進口石斛蘭,紅
IO517,進口石斛蘭,大紫紅
IO519,進口石斛蘭,深紅
IO534,進口石斛蘭,綠寶石黃
IO540,進口石斛蘭,粉
IO541,進口石斛蘭,荷粉
IO560,進口石斛蘭,白
IO561,進口石斛蘭,白紅心
IO570,進口石斛蘭,紫
IO600,進口蝴蝶蘭,混色
IO601,進口蝴蝶蘭,斑點
IO602,進口蝴蝶蘭,線條
IO610,進口蝴蝶蘭,紅色
IO630,進口蝴蝶蘭,黃色
IO640,進口蝴蝶蘭,粉色
IO661,進口蝴蝶蘭,白紅心
IO663,進口蝴蝶蘭,白黃心
IR000,進口玫瑰,
IR001,進口玫瑰,混合色
IR100,進口玫瑰,紅
IR101,進口玫瑰,紅莎曼莎
IR102,進口玫瑰,成功紅
IR103,進口玫瑰,芭卡洛黑紅
IR104,進口玫瑰,嘉卡蘭達紫紅
IR105,進口玫瑰,櫻紅
IR106,進口玫瑰,波霸
IR107,進口玫瑰,第一紅
IR108,進口玫瑰,佳娜紅
IR109,進口玫瑰,以色列紅
IR112,進口玫瑰,紅衣武士
IR114,進口玫瑰,荷蘭紅
IR116,進口玫瑰,翡翠紅
IR200,進口玫瑰,橙
IR201,進口玫瑰,拉波拉橘粉
IR205,進口玫瑰,橙粉
IR300,進口玫瑰,黃
IR301,進口玫瑰,金色勳章金黃
IR302,進口玫瑰,奧斯麥金黃
IR305,進口玫瑰,紅粉佳人
IR400,進口玫瑰,粉
IR401,進口玫瑰,薇瓦蒂粉
IR402,進口玫瑰,薄粉
IR403,進口玫瑰,牛紅１號
IR404,進口玫瑰,牛紅２號
IR405,進口玫瑰,牛紅３號
IR406,進口玫瑰,草屯粉１號
IR407,進口玫瑰,草屯粉２號
IR408,進口玫瑰,黛安娜粉
IR409,進口玫瑰,新牛紅３號
IR410,進口玫瑰,丹薇粉
IR411,進口玫瑰,桃粉
IR412,進口玫瑰,新香檳粉
IR413,進口玫瑰,大空粉
IR414,進口玫瑰,雷射
IR415,進口玫瑰,大雷射
IR416,進口玫瑰,以色列粉
IR417,進口玫瑰,甜心
IR418,進口玫瑰,佳芳粉
IR419,進口玫瑰,紅粉佳人
IR420,進口玫瑰,蘇菲亞
IR421,進口玫瑰,媚力
IR422,進口玫瑰,佳人
IR423,進口玫瑰,諾貝斯
IR424,進口玫瑰,巨星
IR429,進口玫瑰,鐵達尼
IR430,進口玫瑰,新鐵達尼
IR433,進口玫瑰,羽衣
IR434,進口玫瑰,卡蜜拉
IR436,進口玫瑰,翡翠粉
IR439,進口玫瑰,翡翠香檳
IR452,玫瑰,珍愛你
IR500,進口玫瑰,綠
IR501,進口玫瑰,綠鑽
IR502,進口玫瑰,蘋果綠
IR600,進口玫瑰,白
IR601,進口玫瑰,青殼白
IR602,進口玫瑰,比浪卡
IR603,進口玫瑰,草屯白
IR606,玫瑰進口,牛奶妹
IR607,進口玫瑰,翡翠白
IR700,進口玫瑰,紫
IR701,進口玫瑰,紫夫人
IR702,進口玫瑰,紫天堂
IR703,進口玫瑰,草屯紫
IR704,進口玫瑰,紫精靈
IR705,進口玫瑰,紫天王
IR706,玫瑰進口,水精靈
IR708,玫瑰,紫愛你
IR800,進口玫瑰,雙色
IR801,進口玫瑰,雙豔
IR802,進口玫瑰,雙喜
IR803,進口玫瑰,田納西
IR804,進口玫瑰,絕代佳人
IR805,進口玫瑰,熱情
IR807,進口玫瑰,斯波
IR809,進口玫瑰,新熱熱情
IR814,玫瑰,山中傳奇
IR900,進口玫瑰,迷你混合
IR910,進口玫瑰,迷你紅
IR920,進口玫瑰,迷你橙
IR930,進口玫瑰,迷你黃
IR940,進口玫瑰,迷你粉
IR960,進口玫瑰,迷你白
IR970,進口玫瑰,迷你紫
IR980,進口玫瑰,迷你雙色
IS000,進口香水百合,
IS001,進口香水百合,單朵
IS002,進口香水百合,雙朵
IS003,進口香水百合,三朵
IS004,進口香水百合,四朵
IS005,進口香水百合,五朵
IS009,進口香水百合,多朵
IS040,進口香水百合,粉
IS041,進口香水百合,粉單朵
IS042,進口香水百合,粉雙朵
IS043,進口香水百合,粉三朵
IS044,進口香水百合,粉四朵
IS045,進口香水百合,粉五朵
IS049,進口香水百合,粉多朵
IS132,進口瑪度沙,雙朵
IS133,進口瑪度沙,三朵
IS139,進口瑪度沙,多朵
IS140,進口香水百合,芬芳粉
IS141,進口香水百合,芬芳粉單朵
IS142,進口香水百合,芬芳粉雙朵
IS143,進口香水百合,芬芳粉三朵
IS144,進口香水百合,芬芳粉四朵
IS145,進口香水百合,芬芳粉五朵
IS149,進口香水百合,芬芳粉多朵
IS150,進口香水百合,普莎蘿粉
IS151,進口香水百合,普莎蘿粉單朵
IS152,進口香水百合,普莎蘿粉雙朵
IS153,進口香水百合,普莎蘿粉三朵
IS154,進口香水百合,普莎蘿粉四朵
IS155,進口香水百合,普莎蘿粉五朵
IS159,進口香水百合,普莎蘿粉單朵
IS160,進口香水百合,貴族白
IS161,進口香水百合,貴族白單朵
IS162,進口香水百合,貴族白雙朵
IS163,進口香水百合,貴族白三朵
IS164,進口香水百合,貴族白四朵
IS165,進口香水百合,貴族白五朵
IS169,進口香水百合,貴族白多朵
IS170,進口香水百合,芭芭拉
IS171,進口香水百合,芭芭拉單朵
IS172,進口香水百合,芭芭拉雙朵
IS173,進口香水百合,芭芭拉三朵
IS179,進口香水百合,芭芭拉多朵
IS183,進口香水百合,貝妮妮三朵
IS189,進口香水百合,貝妮妮多朵
IS190,進口香水百合,貝佳摩
IS191,進口香水百合,貝佳摩單朵
IS192,進口香水百合,貝佳摩雙朵
IS193,進口香水百合,貝佳摩三朵
IS199,進口香水百合,貝佳摩多朵
IS213,進口香水百合,寶貝粉三朵
IS219,進口香水百合,寶貝粉多朵
IS240,進口香水百合,紅鶴星粉
IS241,進口香水百合,紅鶴星粉單朵
IS242,進口香水百合,紅鶴星粉雙朵
IS243,進口香水百合,紅鶴星粉三朵
IS244,進口香水百合,紅鶴星粉四朵
IS245,進口香水百合,紅鶴星粉五朵
IS249,進口香水百合,紅鶴星粉多朵
IS260,香水百合,西伯利亞
IS263,進口香水百合,西伯利亞三朵
IS269,進口香水百合,西伯利亞多朵
IS340,進口香水百合,卡登粉
IS341,進口香水百合,卡登粉單朵
IS342,進口香水百合,卡登粉雙朵
IS343,進口香水百合,卡登粉三朵
IS344,進口香水百合,卡登粉四朵
IS345,進口香水百合,卡登粉五朵
IS349,進口香水百合,卡登粉多朵
IS350,進口香水百合,索邦妮
IS353,進口香水百合,索邦妮三朵
IS359,進口香水百合,索邦妮多朵
IS360,進口香水百合,辛普隆
IS362,進口香水百合,辛普隆雙朵
IS363,進口香水百合,辛普隆三朵
IS369,進口香水百合,辛普隆多朵
IS440,進口香水百合,馬可波羅粉
IS441,進口香水百合,馬可波羅粉單朵
IS442,進口香水百合,馬可波羅粉雙朵
IS443,進口香水百合,馬可波羅粉三朵
IS444,進口香水百合,馬可波羅粉四朵
IS445,進口香水百合,馬可波羅粉五朵
IS449,進口香水百合,馬可波羅粉多朵
IS460,進口香水百合,白
IS461,進口香水百合,白單朵
IS462,進口香水百合,白雙朵
IS463,進口香水百合,白三朵
IS464,進口香水百合,白四朵
IS465,進口香水百合,白五朵
IS469,進口香水百合,白多朵
IS540,進口香水百合,貴族粉
IS541,進口香水百合,貴族粉單朵
IS542,進口香水百合,貴族粉雙朵
IS543,進口香水百合,貴族粉三朵
IS544,進口香水百合,貴族粉四朵
IS545,進口香水百合,貴族粉五朵
IS549,進口香水百合,貴族粉多朵
IS573,進口香水百合,希拉三朵
IS602,進口 OT 康卡多,雙朵
IS629,進口香水百合,耶蘿琳多朵
IS640,進口香水百合,邁阿密
IS641,進口香水百合,邁阿密單朵
IS642,進口香水百合,邁阿密雙朵
IS643,進口香水百合,邁阿密三朵
IS649,進口香水百合,邁阿密多朵
IS740,進口香水百合,貝肯多粉
IS741,進口香水百合,貝肯多粉單朵
IS742,進口香水百合,貝肯多粉雙朵
IS743,進口香水百合,貝肯多粉三朵
IS744,進口香水百合,貝肯多粉四朵
IS745,進口香水百合,貝肯多粉五朵
IS749,進口香水百合,貝肯多粉多朵
IS840,進口香水百合,吾愛粉
IS841,進口香水百合,吾愛粉單朵
IS842,進口香水百合,吾愛粉雙朵
IS843,進口香水百合,吾愛粉三朵
IS844,進口香水百合,吾愛粉四朵
IS845,進口香水百合,吾愛粉五朵
IS849,進口香水百合,吾愛粉多朵
IS940,進口香水百合,情人
IS941,進口香水百合,情人單朵
IS942,進口香水百合,情人雙朵
IS943,進口香水百合,情人三朵
IS949,進口香水百合,情人多朵
IT000,進口鐵砲百合,
IT010,進口鐵砲百合,紅
IT011,進口鐵砲百合,紅單朵
IT012,進口鐵砲百合,紅雙朵
IT013,進口鐵砲百合,紅三朵
IT019,進口鐵砲百合,紅多朵
IT030,進口鐵砲百合,黃
IT031,進口鐵砲百合,黃單朵
IT032,進口鐵砲百合,黃雙朵
IT033,進口鐵砲百合,黃三朵
IT039,進口鐵砲百合,黃多朵
IT040,進口鐵砲百合,粉
IT041,進口鐵砲百合,粉單朵
IT042,進口鐵砲百合,粉雙朵
IT043,進口鐵砲百合,粉三朵
IT049,進口鐵砲百合,粉多朵
IT060,進口鐵砲百合,白
IT061,進口鐵砲百合,白單朵
IT062,進口鐵砲百合,白雙朵
IT063,進口鐵砲百合,白三朵
IT064,進口鐵砲百合,白四朵
IT065,進口鐵砲百合,白五朵
IT069,進口鐵砲百合,白多朵
IT160,進口鐵砲百合,臺灣百合
IT161,進口臺灣百合,單朵
IT162,進口臺灣百合,雙朵
IT163,進口臺灣百合,三朵
IT169,進口臺灣百合,多朵
IT361,進口鐵砲百合,白狐單朵
IT661,進口雷山一號,單朵
IT662,進口雷山一號,雙朵
IT663,進口雷山一號,三朵
IT669,進口雷山一號,多朵
IU000,進口洋桔梗,
IU101,進口洋桔梗,單瓣(混色)
IU111,進口洋桔梗,單瓣紅
IU131,進口洋桔梗,單瓣黃
IU141,進口洋桔梗,單瓣粉
IU151,進口洋桔梗,單瓣彩藍
IU152,進口洋桔梗,單瓣綠
IU161,進口洋桔梗,單瓣白
IU171,進口洋桔梗,單瓣紫
IU211,進口洋桔梗,單瓣白紅邊
IU241,進口洋桔梗,單瓣白粉邊
IU271,進口洋桔梗,單瓣白紫邊
IU402,進口洋桔梗,雙瓣(混色)
IU412,進口洋桔梗,雙瓣紅
IU432,進口洋桔梗,雙瓣黃
IU442,進口洋桔梗,雙瓣粉
IU452,進口洋桔梗,重瓣彩藍
IU453,進口洋桔梗,雙瓣綠
IU462,進口洋桔梗,雙瓣白
IU472,進口洋桔梗,雙瓣紫
IU512,進口洋桔梗,雙瓣白紅邊
IU542,進口洋桔梗,雙瓣白粉邊
IU572,進口洋桔梗,雙瓣白紫邊
IU673,進口洋桔梗,三角桔梗
IW000,重量計花卉,
IW030,進口金慧星,
IW100,進口星辰花,混色
IW110,進口星辰花,紅
IW130,進口星辰花,黃
IW140,進口星辰花,粉
IW160,進口星辰花,白
IW170,進口星辰花,紫
IW171,進口貝麗星辰,
IW172,進口補血草,
IW240,進口粉孔雀,
IW260,進口白孔雀,
IW270,進口紫孔雀,
IW440,進口卡斯比亞粉色,
IW450,進口卡斯比亞藍寶,
IW470,進口卡斯比亞紫,
IW471,進口卡斯比亞,帶葉
IW472,進口卡斯比亞,無葉
IW510,進口滿天星,紅
IW560,進口滿天星,白
IW561,進口以色列滿天星,
IW562,進口滿天星,雪子
IW600,進口水晶花,混合
IW630,進口水晶花,金鑽
IW631,進口水晶花,黃鑽
IW640,進口水晶花,粉鑽
IW660,水晶花進口,銀鑽
IW661,進口水晶花,銀鑽
IY000,進口切葉類,
IY001,進口尤加利葉,
IY002,進口壽松,
IY003,進口唐棉,
IY004,進口黃椰心葉,
IY005,進口文竹(新娘花),
IY006,進口武竹(天門冬),
IY007,進口武竹(狐尾),
IY008,進口銀龍柳,
IY009,進口電信蘭葉,
IY010,進口七里香,
IY011,進口火鶴葉,
IY012,進口新西蘭葉,
IY013,進口星點木,
IY014,進口征木,
IY015,進口葉蘭,
IY016,進口五彩千年木,
IY017,進口八角金盤,
IY018,進口蓮蓬,
IY019,進口射千,
IY020,進口金雀花,
IY021,進口扁柏,
IY022,進口鋸齒蔓綠絨葉,
IY023,進口龜背觀音蓮葉,
IY024,進口蘆筍草,
IY025,進口香冠柏,
IY026,進口觀賞南瓜,
IY027,進口虎斑木葉,
IY028,進口高梁,
IY029,進口六月雪,
IY030,進口新文竹,
IY031,進口牛頭茄,
IY032,進口紅星,
IY033,進口雁來紅,
IY034,進口三角尤加利,
IY035,進口龍文蘭,
IY036,進口金花草,
IY037,進口長春籐,
IY038,進口吊蘭,
IY039,進口木瓜葉,
IY040,進口班太蘭,
IY041,進口水燭花,
IY042,進口桃花,
IY043,進口茶花,
IY044,進口白斑征木,
IY045,進口小黃邊征木,
IY046,進口斑葉女真,
IY047,進口新西蘭株,
IY049,進口紅茄(番柿),
IY050,進口山蘇葉,
IY051,進口台灣蘇鐵葉,
IY052,進口麻葉繡球,
IY053,進口觀賞辣椒,
IY054,進口孔雀竹竽,
IY055,進口紅莧菜,
IY056,進口黃秋葵,
IY057,進口百合竹,
IY058,進口綿羊齒,
IY059,進口虎尾蘭,
IY060,進口彩色海芋葉,
IY061,進口洛神葵,
IY062,進口觀賞玉米,
IY063,進口小米,
IY064,進口小麥,
IY065,進口合果芋葉,
IY066,進口蚌蘭葉,
IY067,進口黃金葛葉,
IY068,進口聖誕果,
IY069,進口天堂鳥葉,
IY070,進口白玉葉片,
IY071,進口雪松,
IY072,進口石化柳,
IY073,進口米柳,
IY074,進口班春葉,
IY075,進口黃金側柏,
IY076,進口小林投葉,
IY077,進口變色葉,
IY078,進口彩竹葉,
IY079,進口宿馨,
IY080,進口青蘋果,
IY081,進口圓葉(水晶銀,
IY082,進口香樹蘭,
IY083,進口紐西蘭麻,
IY084,進口火龍果,
IY085,進口珠廉,
IY086,進口綠春蘭葉,
IY087,進口樺木(假葉),
IY090,進口綠征木,
IY098,染色觀音棕竹葉,進口
IY230,進口葉牡丹,
IY980,進口玉羊齒,
IY981,進口高山羊齒,
IY982,進口木羊齒,
IY991,進口青竹,
IY992,進口紅竹,
IY993,進口白竹,
IY994,進口花竹,
IY995,進口黃金竹,
L0555,進口菊康百,
L0666,進口議價花卉,
L0777,進口花卉,
L0850,進口石斛蘭,
L0999,進口議價花材,
18016,蝴蝶蘭,金鳳凰
19001,蝴蝶蘭,斑點
19002,蝴蝶蘭,蜘蛛美人
19003,蝴蝶蘭,世芥鑽石
19004,蝴蝶蘭,豹斑
19005,蝴蝶蘭,熊貓
19006,蝴蝶蘭,龍樹之星
19007,蝴蝶蘭,昌新珍珠
19008,蝴蝶蘭,世芥珍珠
19009,蝴蝶蘭,法國斑
19010,蝴蝶蘭,春之頌
19011,蝴蝶蘭,雷射
19012,蝴蝶蘭,昌新鑽石
19013,蝴蝶蘭,乳牛
20001,蝴蝶蘭,中花
21001,蝴蝶蘭,紅花(中)
21002,蝴蝶蘭,立匠鑽石
21003,蝴蝶蘭,立匠皇后
21014,蝴蝶蘭,中梅花
22002,蝴蝶蘭,夕陽紅
22011,蝴蝶蘭,兄弟女孩
23001,蝴蝶蘭,黃(中)
23002,蝴蝶蘭,黃底斑點
23003,蝴蝶蘭,台北黃金
23004,蝴蝶蘭,勞倫斯
23005,蝴蝶蘭,黃金豹
23006,蝴蝶蘭,世芥金莎
23009,蝴蝶蘭,SOGO 經理
23010,蝴蝶蘭,兄弟之光
25001,蝴蝶蘭,白花(中)
26001,蝴蝶蘭,白紅心(中)
27001,蝴蝶蘭,蝴蝶蘭線條(中)
28001,蝴蝶蘭,羅曼蒂克
28002,蝴蝶蘭,黃金城市
28003,蝴蝶蘭,KITTY FACE
28004,蝴蝶蘭,姆指姑娘
28007,蝴蝶蘭,國王
28008,蝴蝶蘭,黑爵士
28009,蝴蝶蘭,沙西米
28013,蝴蝶蘭,天王星
29001,蝴蝶蘭,豹斑(中)
29002,蝴蝶蘭,白底斑點
29003,蝴蝶蘭,四季紅
29004,蝴蝶蘭,法國斑
29005,蝴蝶蘭,黑花
29006,蝴蝶蘭,史密斯
29012,蝴蝶蘭,翠友美人
30001,蝴蝶蘭,小花
31001,蝴蝶蘭,紅花(小)
31003,蝴蝶蘭,滿天紅
31004,蝴蝶蘭,婚宴
31005,蝴蝶蘭,史帝夫(小男孩)
31006,蝴蝶蘭,朵麗蝶
31007,蝴蝶蘭,聖誕紅
31008,蝴蝶蘭,甜草莓
31009,蝴蝶蘭,小紅鑽
31011,蝴蝶蘭,小紅梅
31012,蝴蝶蘭,小香花
31013,蝴蝶蘭,小精靈
31014,蝴蝶蘭,小梅花
31015,蝴蝶蘭,小瑪琍
31016,蝴蝶蘭,三傑鑽石
32001,蝴蝶蘭,橘花(小)
33001,蝴蝶蘭,黃花(小)
33002,蝴蝶蘭,黃綠花(小)
33003,蝴蝶蘭,綠精靈
33004,蝴蝶蘭,世芥明亮
33008,蝴蝶蘭,荷蘭黃
33009,蝴蝶蘭,皮卡丘
33016,蝴蝶蘭,小黃帝
33017,蝴蝶蘭,沙拉黃金
34001,蝴蝶蘭,粉花(小花)
34002,蝴蝶蘭,PINK 阿媽
35001,蝴蝶蘭,白花(小)
35002,蝴蝶蘭,台灣阿媽
35003,蝴蝶蘭,珍珠面紗
35004,蝴蝶蘭,小不點
35018,蝴蝶蘭,奇檬子
36001,蝴蝶蘭,白紅心(小)
36002,蝴蝶蘭,采蝶
36003,蝴蝶蘭,第一名
36004,蝴蝶蘭,春之舞者
36005,蝴蝶蘭,小仙女
36006,蝴蝶蘭,微笑
37001,蝴蝶蘭,線條(小)
37002,蝴蝶蘭,薇薇安
37003,蝴蝶蘭,愛麗絲
37004,蝴蝶蘭,紫羅蘭
38001,蝴蝶蘭,黃紅心(小)
38002,蝴蝶蘭,世芥星辰
38019,蝴蝶蘭,小斑馬
39001,蝴蝶蘭,斑點(小)
39010,蝴蝶蘭,春之光
4410,開運竹,60X3 素材
A0001,紫扇,
A0102,鐵莧,
A0104,鐵莧,變葉鐵筧
A0106,鐵莧,撒金鐵筧
A0108,鐵莧,旋葉鐵莧
A0110,鐵莧,鑲邊旋葉鐵莧
A0112,鐵莧,紅穗鐵筧
A0114,鐵莧,白穗鐵筧
A0116,鐵莧,紅葉鐵筧
A0118,鐵莧,彩葉鐵筧
A0120,鐵莧,紅邊鐵莧
A0200,天使花,
A0302,槭樹,
A0502,沙漠玫瑰,
A0700,鐵線蕨,
A0702,鐵線蕨,大葉鐵線蕨
A0704,鐵線蕨,香鐵線蕨
A0710,鐵線蕨,密葉鐵線蕨
A0901,鳳梨類,
A0902,鳳梨類,黑紋鳳梨
A0904,鳳梨類,斑馬鳳梨
A0906,鳳梨類,圓頭鳳梨
A0908,鳳梨類,蜻蜓鳳梨
A0910,鳳梨類,鑲邊蜻蜓鳳梨
A0912,鳳梨類,斑葉蜻蜓鳳梨
A0914,鳳梨類,珊瑚鳳梨
A0916,鳳梨類,斑紋珊瑚鳳梨
A0918,鳳梨類,大蜻蜓鳳梨
A0920,鳳梨類,鑽石鳳梨
A0921,大紅鑽,
A1102,指甲蘭,
A1300,口紅花,
A1302,口紅花,斑葉口紅花
A1303,口紅花,細葉口紅花
A1502,百子蓮,
A1702,龍舌蘭,
A1704,龍舌蘭,黃邊龍舌蘭
A1706,龍舌蘭,白緣龍舌蘭
A1902,樹蘭,
A1904,樹蘭,斑葉樹蘭
A2100,粗肋草,
A2101,粗肋草,白馬粗肋草
A2102,粗肋草,細斑粗肋草
A2103,粗肋草,紅馬粗肋草
A2104,粗肋草,銀后粗肋草
A2105,粗肋草,巴黎美人粗肋草
A2106,粗肋草,美麗粗肋草
A2107,粗肋草,吉祥粗肋草
A2108,粗肋草,心葉粗肋草
A2109,粗肋草,白柄粗肋草
A2110,粗肋草,白雪粗肋草
A2111,粗肋草,日光粗肋草
A2112,粗肋草,黑美人粗肋草
A2114,粗肋草,長葉粗肋草
A2116,粗肋草,亮葉粗肋草
A2118,粗肋草,圓葉粗肋草
A2119,粗肋草,大圓葉粗肋草
A2120,粗肋草,常青粗肋草
A2122,粗肋草,尚青粗肋草
A2130,粗肋草,虎斑粗肋草
A2131,粗勒草,粉愛玉
A2132,粗肋草,愛玉粗肋草
A2134,粗肋草,白馬粗肋草
A2136,粗肋草,巴黎美人粗肋草
A2138,粗肋草,吉祥粗肋草
A2140,粗肋草,如意粗肋草
A2142,粗肋草,情人粗肋草
A2144,粗肋草,亞曼尼粗肋草
A2146,粗肋草,貴妃粗肋草
A2148,粗肋草,綠孔雀粗肋草
A2150,粗肋草,美少女粗肋草
A2152,粗肋草,泰國美人粗肋草
A2154,粗肋草,俄羅斯粗肋草
A2158,粗肋草,真情粗肋草
A2160,粗肋草,極光粗肋草
A2162,粗肋草,彩雲粗肋草
A2301,夾竹桃,金蟬
A2302,夾竹桃,軟枝黃蟬
A2303,夾竹桃,紅蟬
A2304,夾竹桃,黃蟬
A2305,夾竹桃,紫蟬
A2306,夾竹桃,小花軟枝黃蟬
A2308,夾竹桃,重瓣黃蟬
A2310,夾竹桃,小花黃蟬
A2502,觀音蓮,黑葉觀音蓮
A2504,觀音蓮,山芋
A2506,觀音蓮,龜甲觀音蓮
A2702,蘆薈,
A2710,鎧錦,
A2902,月桃,斑葉月桃
A2904,月桃,白紋月桃
A3102,莧草,綠莧
A3104,莧草,紅莧
A3302,蜀葵,
A3502,雁來紅,
A3702,鳳梨類,觀賞鳳梨
A3920,白頭翁,
A4102,火鶴花,
A4103,火鶴花,粉冠軍
A4104,紅苞芋,
A4105,火鶴花,真女仕
A4106,李子,
A4107,火鶴花,曼德拉
A4108,火鶴花,潘朵拉
A4109,火鶴花,阿拉巴馬
A4302,珊瑚藤,
A4502,金魚草,
A4702,單藥花,
A4902,南洋衫,小葉南洋衫
A4904,南洋杉,肯氏南洋杉
A5100,萬兩,
A5102,硃砂根洋杉,
A5302,木旋花,
A5402,春不老,
A5502,煙斗花,
A5702,馬利筋,
A5704,氣球糖棉,
A5902,武竹,大葉武竹
A5904,武竹,狐尾武竹
A5906,武竹,松葉武竹
A5908,武竹,
A5910,文竹,松葉文竹
A5912,文竹,新娘草
A5914,文竹,西洋文竹
A6102,蜘蛛抱蛋,
A6104,蜘蛛抱蛋,星點蜘蛛抱蛋
A6106,蜘蛛抱蛋,斑葉蜘蛛抱蛋
A6300,山蘇,
A6302,山蘇,台灣山蘇
A6310,山蘇,圓葉山蘇
A6320,山蘇,浪葉山蘇
A6322,山蘇,波浪山蘇
A6400,水晶火燭,
A6402,繡球蔥,
A6404,青楓,
A6406,樹杞,
A6408,紫金牛,
A9000,開運竹,客製品素材
A9001,開運竹,素材 10 公分
A9002,開運竹,素材 15 公分
A9003,開運竹,素材 20 公分
A9004,開運竹,素材 25 公分
A9005,開運竹,素材 30 公分
A9006,開運竹,素材 35 公分
A9007,開運竹,素材 40 公分
A9008,開運竹,素材 45 公分
A9009,開運竹,素材 50 公分
A9011,開運竹,素材 60 公分
A9013,開運竹,素材 75 公分
A9021,開運竹,小一段素材
A9022,開運竹,小二段素材
A9023,開運竹,小三段素材
A9050,大三元船型,
A9051,中三財神/貓,
A9052,一帆風順,
A9053,大船入港,
A9054,小船,
A9055,金玉滿堂,
A9056,五福臨門,
A9057,六六大順,
A9058,禮籃,
A9059,大金一路發,
A9060,大皇冠綜合,
A9061,孔雀開屏,
A9062,新孔雀開屏,
A9063,小孔雀,
A9064,孔雀開屏(元寶盆),
A9065,孔雀(造型),
A9066,金字船,
A9067,大可愛,
A9070,一六八旋轉,
A9071,一六八旋轉(大),
A9072,一六八旋轉(中),
A9073,一六八旋轉(小),
A9074,三十旋轉,
A9076,大三旋轉,
A9077,中三旋轉,
A9078,小三旋轉,
A9079,特大一六八旋轉,
A9080,特大旋轉,
A9081,福袋旋轉,
A9082,財神/貓旋轉,
A9085,大吉/大喵旋轉,
A9086,搖搖貓旋轉,
A9087,特大三旋轉,
A9090,福袋展,
A9091,石紋展,
A9092,大蓮展,
A9093,20 飛碟展,
A9094,大吉大利旋轉,
A9095,35 大蓮,
A9096,大蓮貓,
A9097,六合貓,
A9100,屏風,
A9101,大屏風,
A9102,中屏風,
A9103,小屏風,
A9104,半圓屏風,
A9105,小屏風/船綜合,
A9111,小船屏風,
A9112,如意金字屏風,
A9113,小屏風(半圓),
A9114,如意屏風組,
A9117,開運竹,特大皇冠
A9120,金字塔,
A9121,大金字塔,
A9122,中金字塔,
A9123,小金字塔,
A9124,大貝金字,
A9125,元寶金字,
A9126,45 金字塔,
A9127,半月金字,
A9140,步步高昇,
A9141,步步高昇(大),
A9143,步步高昇(小),
A9144,步步高昇(舊款),
A9150,結結高昇,
A9201,小一段綜合,
A9202,小二段綜合,
A9203,小三段綜合,
A9205,小三段財神/貓,
A9206,小三造型,
A9211,中小三段,
A9212,中小三段綜合,
A9213,中三段,
A9214,中三段綜合,
A9215,中大三段,
A9216,中大三段綜合,
A9218,中二段綜合,
A9219,中二段造型,
A9220,中六層,
A9221,大三段,
A9222,大三段綜合,
A9223,大二造型,
A9225,大二段福袋,
A9226,大五福,
A9227,小五福,
A9230,特大五層,
A9231,特三層,
A9232,特大六段,
A9251,大中空,
A9252,小中空,
A9261,五段圓滿竹,
A9263,彎曲,
A9264,兩段彎曲,
A9265,彎曲花瓶,
A9266,彎曲高盆,
A9267,扁曲,
A9268,招財綜合曲,
A9271,小貝組合,
A9272,八層組合,
A9273,半月組合,
A9501,六合貓,
A9502,大貝組合,
A9503,半月組合,
A9504,層,
A9505,三五大蓮,
A9506,錢袋組,
A9507,15 展牛轉,
A9979,------,
A9980,------,
A9981,麥克風,
A9982,旺旺樹,
A9983,天門冬,
A9985,泡泡龍,
A9986,藍雪,
A9987,波斯紅草,
A9988,同心樹,
A9989,火鶴花,珍女士
A9990,羅密歐火鶴,
A9991,黃金鶴,
A9993,初雪葛,
A9994,紅燈籠,
A9995,聚寶馬拉巴瓶(小),
A9996,黎枝,
A9997,藤,
A9998,軟藤,
A9999,樹皮,
B0000,混合品種,
B0001,百萬心,
B0002,雅樂之舞,
B0003,綠鑽,
B0004,金錢草,
B0005,擬美花,
B0006,美人蕨,
B0007,紫丁香,
B0008,錦竹草,
B0009,多葉蘭,
B0010,玉簪葉,
B0011,含羞草,
B0012,銀杏木,
B0013,五彩棒蘭,
B0014,景天植物,
B0016,豬籠草,
B0017,馬蘭,
B0018,柳榕藤,
B0019,金玉菊,
B0020,魔星花,
B0021,斑葉石菖蒲,
B0022,孔雀薑,
B0023,冰淇淋卷柏,
B0024,人篸榕,
B0025,紫源氏,
B0026,虎皮蘭,
B0027,布袋蓮,
B0028,仙女閣,
B0029,龍血樹,
B0032,煙火花,
B0033,姑婆芋,
B0034,白雪木,
B0035,唐印,
B0036,木賊,
B0037,變色龍,
B0038,油點百合,
B0039,白雪公主,
B0040,雪花蔓,
B0041,小戰神,
B0042,翠柏,
B0044,金魚花,
B0045,蘭花草,
B0046,檀香柏,
B0047,沿階草,
B0048,天使花,
B0049,鑽石心,
B0051,鐵線草,
B0052,翡翠木,
B0054,錦柳,
B0055,紅夢鄉 W143,
B0056,松葉景天,
B0057,海棠,老虎海棠
B0058,青苔,
B0059,W-167 紫源氏,
B0060,鴨腳木,
B0061,紅美人東亞蘭,
B0062,四片草,
B0064,小石蓮景天,
B0065,阿美萬年青,
B0066,鈕釦藤,
B0067,國蘭,青蘋果
B0068,W-174 金吉利,
B0069,金蔓藤,
B0070,西洋水仙,
B0071,金柳,
B0072,鐵樹,
B0073,百花,
B0074,三叉蕨,
B0075,婁斗花,
B0076,多拉 A 夢,
B0077,朝霧,
B0078,玫瑰景天,
B0079,白佛甲,
B0080,艾草,
B0081,提燈花,
B0082,嬰兒景天,
B0083,芙蓉,
B0084,魚尾蕨,
B0085,火焰山蘇,
B0086,小葉欖仁,
B0088,紫牡丹,
B0089,紅鳳草,
B0090,象牙木,
B0092,希望之光,
B0093,日本杜鵑,
B0095,甜菊,
B0097,小天使,
B0100,玉龍草,
B0101,金紋草,
B0102,竹,鳳尾竹
B0104,竹,葫蘆竹
B0106,竹,四方竹
B0108,竹,唐竹
B0109,銀王,
B0110,竹,日本紅竹
B0112,竹,紫竹
B0114,竹,桂竹
B0120,黑人須,
B0121,翠玲瓏,
B0302,羊蹄甲,
B0500,海棠,
B0502,海棠,麻葉海棠
B0504,海棠,聖誕秋海棠
B0506,海棠,豔后海棠
B0508,海棠,珊瑚海棠
B0510,海棠,麗格海棠
B0512,海棠,鐵十字海棠
B0514,海棠,蝦蟆海棠
B0516,海棠,四季秋海棠
B0518,海棠,球根海棠
B0520,海棠,法國海棠
B0522,海棠,眉毛海棠
B0524,海棠,虎斑海棠
B0702,射干,
B0902,小蝦花,
B1000,翡翠晶鑽,
B1001,紅寶石晶鑽,
B1002,密葉小天使,
B1003,粗肋草,綠孔雀粗肋草
B1102,紅梗甜菜,
B1302,鳳梨類,火燄鳳梨
B1402,彩葉山漆莖,
B1502,木棉,
B1702,九重葛,
B1902,葉牡丹,
B2302,變色茉莉,
B2502,落地生根,
B2602,小王冠,
B9900,龍文蘭,
C0102,仙人掌,
C0103,仙人掌,多肉植物
C0104,黃金景天,
C0110,仙人掌,金虎仙人掌
C0111,十二指卷,
C0201,咖啡樹,
C0302,金鳳花,
C0402,肉桂,
C0502,彩葉芋,
C0700,竹芋,
C0702,竹芋,箭羽竹芋
C0704,竹芋,小竹芋
C0705,竹芋,菲利竹芋
C0706,竹芋,白竹芋
C0708,竹芋,孔雀竹芋
C0710,竹芋,彩虹竹芋
C0712,竹芋,鳳尾竹芋
C0714,竹芋,斑葉竹芋
C0720,竹芋,慧星竹芋
C0730,竹芋,熊貓竹芋
C0740,竹芋,方角竹芋
C0750,竹芋,圓葉竹芋
C0760,竹芋,浪心竹芋
C0902,荷包花,
C1102,金盞花,
C1302,粉撲花,紅粉撲
C1304,粉撲花,
C1500,鴨跖草,
C1502,鴨跖草,線斑鴨跖草
C1702,紅瓶刷子,
C1704,紅瓶刷子,豔紫紅瓶刷子
C1902,翠菊,
C2102,茶花,
C2302,五彩椒,
C2502,黃槐,金葉黃槐
C2504,黃槐,
C2902,三星蘭,
C3101,聖誕紅,聖誕玫瑰
C3102,嘉德利亞蘭,
C3103,拖鞋蘭,
C3302,矢車菊,
C3402,綠寶石,
C3502,雞冠花,
C3702,海檬果,
C3902,愛之蔓,
C4102,貼梗海棠,
C4302,金葉柏,
C4502,椰子樹,夏威夷椰子
C4702,竹,金絲竹
C4902,白紋草,
C4904,吊蘭,
C4906,吊蘭,鑲邊吊蘭
C4908,吊蘭,中斑吊蘭
C5102,椰子樹,黃椰子
C5302,蓬蒿菊,
C5304,菊花,
C5306,白晶菊,
C5307,瑪格麗特,
C5308,芙蓉菊,
C5310,壽菊,
C5320,太陽玫瑰,
C5502,錦葉葡萄,
C5702,佛手柑,
C5703,佛手蓮,
C5704,金桔,
C5706,虎頭柑,
C5708,柳丁,
C5902,鐵線蓮,
C6102,紅萼珍珠寶蓮,
C6104,珍珠寶蓮,
C6302,君子蘭,紅花君子蘭
C6304,君子蘭,
C6502,變葉木,
C6510,變葉木,龜甲變葉木
C6520,變葉木,金幣變葉木
C6521,變葉木,相思變葉木
C6530,變葉木,金手指變葉木
C6531,變葉木,金星變葉木
C6702,彩葉草,
C6902,袖珍椰子,
C6910,椰子樹,魚尾椰子
C6911,椰子樹,大島椰子
C6912,椰子樹,孔雀椰子
C7102,鯨魚草,
C7103,立葉鯨魚花,
C7201,柳榕,
C7302,紅竹,朱蕉
C7310,紅竹,
C7502,波斯菊,大波斯菊
C7504,波斯菊,黃波斯菊
C7702,發財樹,
C7703,金錢樹,
C7704,金錢樹(組合),
C7710,秋之火,
C7902,番紅花,
C8102,鳳梨類,三色小鳳梨
C8103,鳳梨類,絨葉小鳳梨
C8302,錦竹芋,
C8502,細葉雪茄花,
C8504,雪茄花,
C8702,蘇鐵,
C8902,仙客來,
C9000,國蘭,
C9001,玉花,
C9002,劍蘭,
C9003,馬耳,
C9004,鐵骨,
C9005,富士錦,
C9006,觀音,
C9007,天香,
C9008,金針,
C9102,國蘭,四季蘭
C9104,春蘭,
C9106,素心蘭,
C9108,素心蘭,觀音素心
C9110,虎頭蘭,
C9111,虎頭蘭,大黃花
C9112,國蘭,竹柏蘭
C9113,虎頭蘭,黃金小神童
C9114,國蘭,報歲蘭
C9116,國蘭,雜交蘭
C9117,國蘭,報歲蘭幸福龍梅
C9118,國蘭,報歲蘭金華山
C9119,國蘭,報歲蘭山川
C9120,虎頭蘭,大綠
C9121,虎頭蘭,孔雀
C9122,國蘭,報歲蘭大明
C9123,虎頭蘭,秋香
C9124,虎頭蘭,彩虹
C9302,傘草,
C9304,紅鳳菊,
C9402,觀賞辣椒,
C9403,茄子,
C9404,醉蝶花,
C9502,夜丁香夜來香,
C9602,鳥尾花,
D0102,大麗花,
D0302,竹柏,
D0303,龍珠果,
D0402,象牙木,
D0502,飛燕草,
D0600,孔雀木,
D0700,石斛蘭,
D0701,石斛蘭,白花
D0702,石斛蘭,綠花
D0703,石斛蘭,線條
D0704,石斛蘭,白花紅心
D0705,石斛蘭,插角綠花紅心
D0706,石斛蘭,綠花紅心
D0707,石斛蘭,白鶴
D0708,石斛蘭,紅鶴
D0709,石斛蘭,夢
D0710,石斛蘭,水晶
D0711,石斛蘭,長生
D0712,石斛蘭,日本娃娃
D0713,石斛蘭,紅寶石
D0714,石斛蘭,綠花紫心
D0715,石斛蘭,紫花
D0716,石斛蘭,彩虹
D0717,石斛蘭,紅花
D0718,石斛蘭,黃花
D0719,石斛蘭,小丑
D0720,石斛蘭,雙喜
D0721,石斛蘭,粉花
D0722,石斛蘭,黃花紅心
D0723,石斛蘭,愛麗絲
D0724,石斛蘭,綠花白心
D0725,石斛蘭,海歐
D0726,石斛蘭,小仙女
D0800,鹿角蕨,
D0902,石竹,美國石竹
D0904,石竹,康乃馨
D0906,石竹,
D0995,百萬心,
D0996,銅錢草,
D0997,串錢藤,
D1100,黛粉葉,
D1101,萬年青,寶玉萬年青
D1102,萬年青,大王萬年青
D1103,萬年青,多芽夏雪
D1104,萬年青,夏雪萬年青
D1106,萬年青,
D1107,萬年青,愛玉萬年青
D1108,萬年青,密葉萬年青
D1110,萬年青,白玉萬年青
D1111,萬年青,翠玉萬年青
D1112,萬年青,白葉萬年青
D1114,萬年青,中國萬年青
D1116,萬年青,廣東萬年青
D1118,萬年青,銀河萬年青
D1119,萬年青,虎斑萬年青
D1120,萬年青,天堂萬年青
D1130,萬年青,邱比特萬年青
D1132,萬年青,馬斯萬年青
D1134,萬年青,瑪莉安萬年青
D1140,萬年青,巴黎海萬年青
D1141,萬年青,瑪麗安萬年青
D1150,萬年青,馬士萬年青
D1160,萬年青,黃金寶玉萬年青
D1170,黛粉葉,星光燦爛
D1302,毛地黃,
D1502,巴西之吻,
D1700,千年木,
D1701,千年木,彩虹千年木
D1702,千年木,五彩千年木
D1703,千年木,阿波羅千年木
D1704,竹蕉,
D1705,千年木,白邊千年木
D1706,巴西鐵樹,
D1707,千年木,檸檬千年木
D1708,龍血樹,黃邊龍血樹
D1709,檸檬,
D1710,虎斑木,
D1711,香林投,
D1712,虎斑木,花虎斑木
D1713,龍血樹,
D1714,星點木,
D1715,油點木,
D1716,麥門冬,
D1717,娃娃竹蕉,
D1720,竹,綠竹
D1721,竹,黃金竹
D1722,竹,白竹
D1723,開運竹,
D1730,百合竹,
D1731,百合竹,黃斑百合竹
D1732,百合竹,細葉百合竹
D1736,彩葉木,
D1738,如意阿波羅,
D1801,羽竹,
D1802,芒萁,
D1804,大理花,
D1902,金露花,
D1903,金露花,斑葉金露花
D2102,蘑草,
D2902,捕蠅草,
D3101,飄香藤,紅
D3102,飄香藤,粉
D3201,愛元果青蛙寶,
D4010,開運竹,10 公分素材
D4015,開運竹,15 公分素材
D4020,開運竹,20 公分素材
D4025,開運竹,25 公分素材
D4030,開運竹,30 公分素材
D4045,開運竹,45 公分素材
D4060,開運竹,60 公分素材
D4075,開運竹,75 公分素材
D4090,開運竹,90 公分素材
D4120,開運竹,120 公分素材
D4400,開運竹,素材組合
D4402,開運竹,小二素材
D4403,開運竹,小三素材
D4404,開運竹,胖三素材
D4405,開運竹,小五素材
D4406,開運竹,小六素材
D4407,開運竹,30X3 素材
D4408,開運竹,35X3 素材
D4410,開運竹,45X3 素材
D4411,開運竹,60X3 素材
D4413,開運竹,六合組盆素材
D4415,開運竹,中五層素材
D4703,開運竹,小三綜合盆
D4704,開運竹,中小三綜合盆
D4707,開運竹,中三旋轉組盆
D4708,開運竹,中三貓組盆
D4711,開運竹,小五福
D4713,開運竹,中大三段組盆
D4720,開運竹,一帆風順
D4721,開運竹,金玉滿堂
D4722,開運竹,五福臨門
D4723,開運竹,六六大順
D4724,開運竹,孔雀開屏
D4725,開運竹,大三段大吉大利
D4726,開運竹,雙魚大節節高昇
D4727,開運竹,三五大蓮組盆
D4728,開運竹,大蓮貓組盆
D4730,開運竹,中大貓組盆
D4731,開運竹,中小貓組盆
D4733,開運竹,大金字塔
D4734,開運竹,中金字塔
D4736,開運竹,金字船
D4739,開運竹,168 小旋轉組盆
D4744,開運竹,大屏風組盆
D5310,壽菊,
D5904,兔腳蕨,
E0102,石蓮,
E0200,楨木,
E0201,楨木,黃征木
E0302,曇花,
E0304,螃蟹蘭,
E0400,八角金盤,
E0401,棋盤角,
E0502,黃金葛,
E0504,黃金葛,綠金葛
E0506,黃金葛,白斑黃金葛
E0510,黃金葛,萊姆黃金葛
E0520,黃金葛,陽光黃金葛
E0702,刺桐,火炬刺桐
E0704,刺桐,珊瑚刺桐
E0706,刺桐,雞冠刺桐
E0708,刺桐,
E0902,金英花,
E1100,聖誕白雪,
E1101,聖誕紅,倍莉
E1102,聖誕紅,光輝
E1104,麒麟花,
E1105,聖誕雪,
E1106,聖誕紅,
E1107,聖誕果,
E1108,彩雲閣,
E1109,聖誕紅,冰火
E1110,聖誕紅,聖誕玫瑰
E1111,聖誕紅,桃莉
E1302,洋桔梗,
E1502,紫芳草,
E1702,青紫木,
E1900,榕樹類,
E1901,榕樹類,金門榕
E1902,印度橡膠樹,
E1904,印度橡膠樹,斑葉印度橡膠樹
E1905,榕樹類,翠玉榕
E1906,榕樹類,琴葉榕
E1908,榕樹類,黃金榕
E1910,榕樹類,白斑垂葉榕
E1912,榕樹類,白葉榕
E1914,薜荔,
E1915,薜荔,迷你薜荔
E1916,薜荔,斑葉薜荔
E1917,薜荔,雪荔
E1918,薜荔,小雪荔
E1920,榕樹類,垂葉榕
E1921,榕樹類,黃斑垂葉榕
E2102,網紋草,白網紋草
E2104,網紋草,紅網紋草
E2302,小蒼蘭,
E2502,吊鐘花,
E2503,提燈花,
E2702,萬年青,斑葉萬年青
E2902,馬茶花,
E3102,杜英,
E3104,黃邊海衛矛,
E3106,枇杷,
E3110,黃楊,
E3302,喜蔭花,
EP100,聖誕紅,
EP101,聖誕紅,倍莉
EP102,聖誕紅,光輝
EP103,聖誕紅,畢卡索
EP104,聖誕紅,V-10
EP105,聖誕紅,自由鮮紅
EP106,聖誕紅,彼得之星
EP107,聖誕紅,聖誕玫瑰
EP108,聖誕紅,索羅娜
EP109,聖誕紅,成功
EP110,聖誕紅,小紅莓
EP111,聖誕紅,檸檬黃
EP112,聖誕紅,大禧
EP113,聖誕紅,安琪
EP114,聖誕紅,紅蘋果
EP115,聖誕紅,莫內
EP116,聖誕紅,千禧
EP117,聖誕紅,索根地
EP118,聖誕紅,天鵝絨
EP119,聖誕紅,達文西
EP120,聖誕紅,紅精靈
EP121,聖誕紅,紅絲絨
EP122,聖誕紅,精華
EP123,聖誕紅,威望
EP124,聖誕紅,高檔
EP125,聖誕紅,秋紅
EP126,聖誕紅,喜安提
EP127,聖誕紅,火狐貍
EP128,聖誕紅,草莓鮮奶油
EP129,聖誕紅,旺得福
EP130,聖誕紅,冰火
EP131,聖誕紅,諾維亞
EP132,聖誕紅,愛文
EP133,聖誕紅,桃莉
EP134,聖誕紅,鮭魚
EP135,聖誕紅,紅寶石
EP140,聖誕紅,聖誕節
EP149,聖誕紅,黃金粉
F1900,榕樹類,榕樹
F1914,薜荔,
F1915,薜荔,迷你薜荔
F1917,薜荔,雪荔
F2102,網紋草,白網紋草
F2104,網紋草,紅網紋草
G0102,福木,
G0103,龍珠果,
G0200,草皮,
G0201,草皮,百慕達草
G0202,草皮,假儉草
G0203,草皮,聖奧古斯丁草
G0204,草皮,熱帶地毯草
G0205,草皮,類地毯草
G0206,芝,高麗芝
G0207,芝,馬尼拉芝
G0208,芝,中華芝
G0209,芝,日本芝
G0302,黃梔,重瓣黃梔
G0304,黃梔,
G0306,黃梔,斑葉重梔
G0310,黃梔,鑲邊水梔
G0502,勳章菊,
G0503,非洲菊,
G0702,銀杏,
G0704,銀杏,斑葉銀杏
G0902,古代稀,
G1102,千日紅,
G1302,鳳梨類,錦葉鳳梨
G1304,鳳梨類,火冠鳳梨
G1306,鳳梨類,龍鳳鳳梨
G1310,鳳梨類,大擎天鳳梨
G1311,中擎天,
G1312,小擎天,
G1313,達摩,
G1314,丹尼斯大擎,
G1315,鳳梨類,火燄鳳梨
G1316,鳳梨類,鑽石鳳梨
G1317,貴夫人,
G1502,紫絨藤,
G1503,小圓彤,
G1602,白珠樹,
G1702,尖尾鳳,
G1703,滿天星,
G1801,金狗毛,
G9304,紅鳳菊,
H0102,火球花,
H0103,綠鑽,
H0200,嫣紅蔓,
H0210,白蘋蔓,
H0302,金線蓮,
H0502,大寶草,
H0600,進財樹,進財樹
H0602,旺旺樹,
H0700,常春藤,
H0702,常春藤,白玉常春藤
H0704,常春藤,洋常春藤
H0706,常春藤,硬枝常春藤
H0708,常春藤,多脈常春藤
H0710,常春藤,撒金常春藤
H0712,常春藤,金心常春藤
H0714,常春藤,白斑常春藤
H0802,野薑花,
H0804,洛神葵,
H0806,狹瓣八仙花,
H0902,向日葵,
H1102,麥桿菊,
H1302,萱草,
H1502,扶桑,大花扶桑
H1504,扶桑,重瓣芙蓉
H1506,扶桑,
H1508,扶桑,黃扶桑
H1510,扶桑,重瓣扶桑
H1512,朱槿,裂瓣朱槿
H1514,朱槿,
H1516,黃槿,
H1518,木槿,（水錦）
H1702,孤挺花,
H1704,華冑蘭,
H1706,華冑蘭,白肋華冑蘭
H1902,毬蘭,
H1904,毬蘭,白葉毬蘭
H1906,毬蘭,星點毬蘭
H1908,毬蘭,鑲邊毬蘭
H1910,毬蘭,黃毬蘭
H2102,風信子,
H2302,繡球花,
H2304,繡球花,洋繡球
H2502,螯蟹蘭,
H2702,椰子樹,酒瓶椰子
H2900,旅人蕉,
I0102,鳳仙花,
I0104,鳳仙花,非洲鳳仙
I0110,鳳仙花,新幾內亞鳳仙
I0302,蔦蘿,
I0502,鳶尾,日本鳶尾
I0504,鳶尾,
I0702,仙丹花,
I0704,仙丹花,紅仙丹
I0706,仙丹花,矮性仙丹花
I0708,仙丹花,白仙丹
I0710,鳳仙花,玫瑰鳳仙
I0810,山桂花,
I0812,龍門蘭,
I0902,彩葉甘薯,
J0102,珊瑚花,
J0302,茉莉花,細葉素馨
J0304,茉莉花,大花素馨
J0306,茉莉花,小黃馨
J0308,茉莉花,長瓣茉莉
J0310,茉莉花,雲南黃馨
J0311,茉莉花,迎春花
J0312,茉莉花,
J0314,茉莉花,重瓣茉莉
J0502,珊瑚油桐,
J0700,柏樹,
J0702,柏樹,圓柏
J0704,柏樹,龍柏
J0706,柏樹,藍柏
J0708,柏樹,塔柏
J0710,柏樹,黃芽塔柏
J0720,柏樹,香冠柏
J0721,聖誕樹,
J0730,女貞,斑葉女貞
J0732,女貞,參瓣女貞
K0102,長壽花,
K0103,長壽花,鳳爪長壽花
K0104,長壽花,重瓣長壽花
K0110,火炬百合,
K0112,台灣欒樹,
L0100,七里香,
L0101,胡椒木,
L0102,紫薇,
L0103,薑荷花,
L0104,紫薇,大花紫薇
L0106,九芎,
L0302,馬纓丹,
L0303,馬纓丹,蔓性馬纓丹
L0400,百合,
L0502,香豌豆,
L0702,松紅梅,
L0900,蒲葵,
L0902,蒲葵,圓葉蒲葵
L0907,普拉特草,
L0908,觀賞瓜,
L0995,百萬心,
L0996,銅錢草,
L0997,串錢藤,
L0998,串心花,
L0999,其他花卉,
L1002,捧心蘭,
L1005,文竹,新娘草
L1006,葉蘭,
L1008,銀龍柳,
L1102,楓樹,
L1200,香料植物,薰衣草
L1302,香雪球,
L1502,羽扇豆,
L1702,金花石蒜,
L1703,姬百合,
L1704,蔥蘭,
M0102,洋玉蘭,
M0302,狹葉十大功勞,
M0402,薄荷,
M0403,香蜂草,
M0404,荷蘭薄荷,
M0407,巧克力薄荷,
M0410,薄荷混合,
M0411,香料植物,
M0413,寬葉迷迭香,
M0414,薰衣草,
M0415,薰衣草,甜薰衣草
M0416,迷迭香,
M0417,薰衣草,西班牙薰衣草
M0418,加寧胺,
M0420,澳洲茶樹,
M0421,防蚊樹,
M0423,歐芹,
M0424,薰衣草,阿拉第薰衣草
M0425,薰衣草,灰姑娘薰衣草
M0426,香茅,
M0427,密葉茶樹,
M0428,鼠尾草,
M0429,匍蔔迷迭香,
M0431,薰衣草,綿毛大薰衣草
M0432,檸檬百里香,
M0433,香蜂草,
M0434,百里香,
M0435,檸檬香茅,
M0436,倒手香,
M0437,檸檬馬鞭草,
M0439,薰衣草,羽葉薰衣草
M0441,釘地蜈蚣草,
M0442,青紫蘇,
M0443,麝香百里香,
M0446,刺蔥,
M0447,山葡萄,
M0448,紫蘇,
M0449,甜菊,
M0499,香料植物混合,
M0502,小蜀葵,
M0702,大紅袍,
M0704,小紅袍,
M0706,懸鈴花,
M0902,斑葉木薯,
M1102,竹芋,白紋竹芋
M1104,竹芋,花葉竹芋
M1106,竹芋,豹紋竹芋
M1302,紫羅蘭,
M1402,籠頭花,
M1502,寶蓮花,
M1702,白千層,
M1902,白玉蘭,
M1904,含笑花,
M2102,南美紫茉莉,
M2302,電信蘭,
M2502,西印度櫻桃,
M2702,月橘,
M2902,紅花玉葉金花,
M2904,粉葉金花,
M2906,玉葉金花,
M2908,小葉黃楊,
M3002,貝殼花,
M4002,白水木,
N0102,南天竹,
N0301,水仙,大杯水仙
N0302,水仙,口紅水仙
N0304,水仙,
N0305,水仙,種球
N0306,水仙,西洋水仙
N0502,袋鼠花,
N0702,馬蝶花,
N0902,鳳梨類,斑葉紅心鳳梨
N1102,豬籠草,大豬籠草
N1104,豬籠草,虎斑豬籠草
N1300,蕨類,
N1302,蕨類,腎蕨
N1304,蕨類,波士頓腎蕨
N1305,蕨類,雷絲蕨
N1306,蕨類,皺葉腎蕨
N1502,夾竹桃,
N1602,高杯花,
N1702,花煙草,
N1902,酒瓶蘭,
N1903,酒瓶蘭,剪尾
N2102,睡蓮,袖珍睡蓮
N2104,睡蓮,
N2106,睡蓮,荷花
N2300,文心蘭,
N2301,文心蘭,可可金莎文心蘭
N2302,文心蘭,南茜
N2303,文心蘭,蜜糖
N2304,文心蘭,香水
N2305,文心蘭,蜘蛛
N2306,文心蘭,野貓
N2307,文心蘭,火山皇后
N2308,文心蘭,芭蕾
N2309,文心蘭,腋唇蘭
N2310,文心蘭,紅天鵝
N2311,文心蘭,蛾形文心
N2312,文心蘭,紅貓
N2314,文心蘭,迷你文心蘭
N2502,銀紋沿階草,
N2702,桂花,
N2902,紅葉酢醬草,
N3102,綠寶石,
O0102,白雲花,
O0104,異型葉木犀花,
O0201,香料植物,九層塔
O0203,香料植物,甜羅勒
O0302,醡醬草,
O0303,幸運草,
O0304,小紅楓,
P0102,馬拉巴栗,
P0103,馬拉巴栗(卷),
P0200,椰子樹,椰子
P0300,檳榔樹,
P0302,黃蝦花,
P0400,鈕扣蕨,
P0402,肉桂,
P0502,牡丹,
P0702,斑葉林投,
P0902,罌粟,冰島罌粟
P0904,罌粟,大花罌粟
P0906,麗春花,
P1101,拖鞋蘭,小青蛙
P1102,拖鞋蘭,
P1103,拖鞋蘭,紅綠摩帝
P1104,拖鞋蘭,黃玉
P1105,拖鞋蘭,白玉
P1106,拖鞋蘭,珍珠
P1107,拖鞋蘭,肉餅
P1108,拖鞋蘭,粉彩
P1109,拖鞋蘭,綠餅
P1110,拖鞋蘭,紅餅
P1112,拖鞋蘭,金鞋蘭
P1200,嘉德麗蘭,
P1201,聖誕紅,聖誕玫瑰
P1302,紫花西番蓮,
P1500,香料植物,防蚊樹
P1502,天竺葵,白邊天竺葵
P1503,天竺葵,楓葉天竺葵
P1504,天竺葵,
P1702,繁星花,
P1704,繁星花,緋紅繁星花
P1802,藍雪花,
P1900,椒草,
P1902,椒草,皺葉椒草
P1903,椒草,紅皺葉椒草
P1904,椒草,琴葉椒草
P1906,椒草,彩虹椒草
P1908,椒草,碧玉椒草
P1910,椒草,大葉椒草
P1912,椒草,銀葉椒草
P1914,椒草,暗脈椒草
P1916,椒草,圓葉椒草
P1917,椒草,圓葉花燭
P1918,椒草,白斑椒草
P1920,椒草,西瓜皮椒草
P1921,椒草,斑葉皺業椒草
P1922,椒草,斑葉椒草
P1923,椒草,斑馬椒草
P1924,椒草,密葉椒草
P1930,椒草,垂葉椒草
P1931,椒草,白斑垂葉椒草
P1932,椒草,迷你椒草
P1933,椒草,紅娘椒草
P1934,椒草,大葉乳斑椒草
P2102,矮牽牛,
P2200,蝴蝶蘭,新 V-31
P2201,蝴蝶蘭,V-31
P2202,蝴蝶蘭,紅絲絨
P2203,蝴蝶蘭,瑞利美人
P2204,蝴蝶蘭,四季紅
P2205,蝴蝶蘭,腮紅
P2206,蝴蝶蘭,巨寶
P2207,蝴蝶蘭,紅寶石
P2208,蝴蝶蘭,紅玫瑰
P2209,蝴蝶蘭,93 號紅花
P2210,蝴蝶蘭,SOGO 紅花
P2211,蝴蝶蘭,宏霖玫瑰
P2212,蝴蝶蘭,乾隆
P2213,蝴蝶蘭,磚紅
P2214,蝴蝶蘭,MR
P2215,蝴蝶蘭,分生 1 號紅花
P2216,蝴蝶蘭,Feb-41
P2217,蝴蝶蘭,中空紅花
P2218,蝴蝶蘭,101 紅花
P2220,蝴蝶蘭,4928
P2221,蝴蝶蘭,M-92
P2222,蝴蝶蘭,V-89
P2223,蝴蝶蘭,944
P2225,蝴蝶蘭,1302
P2226,蝴蝶蘭,PU216
P2227,蝴蝶蘭,美少女
P2228,蝴蝶蘭,CD-50
P2229,蝴蝶蘭,叉角紅花
P2230,蝴蝶蘭,V-601
P2231,蝴蝶蘭,你好
P2232,蝴蝶蘭,344
P2233,蝴蝶蘭,149
P2234,蝴蝶蘭,美人
P2235,蝴蝶蘭,聖誕紅
P2236,蝴蝶蘭,金香玫瑰
P2237,蝴蝶蘭,彩虹
P2238,蝴蝶蘭,75A 紅
P2239,蝴蝶蘭,235 紅
P2240,蝴蝶蘭,1138 紅
P2241,蝴蝶蘭,M-901
P2242,蝴蝶蘭,M-7
P2243,蝴蝶蘭,M-10
P2244,蝴蝶蘭,RUBY
P2245,蝴蝶蘭,M-1250
P2246,蝴蝶蘭,內山姑娘
P2247,蝴蝶蘭,玫瑰
P2248,蝴蝶蘭,玫瑰愛人
P2249,蝴蝶蘭,MR 桃紅
P2250,蝴蝶蘭,MR 線條
P2251,蝴蝶蘭,瑞利三唇瓣
P2252,蝴蝶蘭,火雞
P2253,蝴蝶蘭,74 號紅花
P2254,蝴蝶蘭,378 紅寶石
P2255,蝴蝶蘭,M-18
P2256,蝴蝶蘭,1241 紅
P2257,蝴蝶蘭,1159 紅
P2258,蝴蝶蘭,祥發可樂/紅
P2259,蝴蝶蘭,祥發光明/空心
P2260,蝴蝶蘭,分生紅 145
P2261,蝴蝶蘭,天農紅玫瑰
P2262,蝴蝶蘭,天王星
P2263,蝴蝶蘭,MR-29/紅
P2264,蝴蝶蘭,R-55/紅
P2265,蝴蝶蘭,MR-15/紅
P2266,蝴蝶蘭,CM69
P2267,蝴蝶蘭,34 紅花
P2268,蝴蝶蘭,M103
P2269,蝴蝶蘭,205
P2270,蝴蝶蘭,1104
P2271,蝴蝶蘭,152 紅
P2272,蝴蝶蘭,1237 大深紅
P2274,蝴蝶蘭,滿堂紅
P2275,蝴蝶蘭,火鳥
P2276,蝴蝶蘭,庭芳
P2277,蝴蝶蘭,447 紅花
P2278,蝴蝶蘭,743 大紅
P2279,蝴蝶蘭,M-192
P2280,蝴蝶蘭,祥發胭脂
P2281,蝴蝶蘭,祥發黃金
P2282,蝴蝶蘭,SF-93
P2283,蝴蝶蘭,M-901
P2284,蝴蝶蘭,M-1089
P2285,蝴蝶蘭,媚力
P2286,蝴蝶蘭,449
P2287,蝴蝶蘭,1237
P2290,蝴蝶蘭,263
P2291,蝴蝶蘭,246
P2292,蝴蝶蘭,長榮 1 號
P2293,蝴蝶蘭,M-76
P2294,蝴蝶蘭,大觀紅花
P2295,蝴蝶蘭,紅花 A3
P2300,蘭花,
P2301,蝴蝶蘭,
P2302,蝴蝶蘭,紅花
P2303,蝴蝶蘭,白花
P2304,蝴蝶蘭,台灣阿媽
P2305,蝴蝶蘭,白花紅心
P2306,蝴蝶蘭,線條
P2307,蝴蝶蘭,中紅
P2308,蝴蝶蘭,滿天紅
P2309,蝴蝶蘭,小瑪琍
P2310,蝴蝶蘭,台灣一葉蘭
P2311,蝴蝶蘭,皇后蘭
P2312,蝴蝶蘭,瓶苗
P2313,蝴蝶蘭,小苗
P2314,蝴蝶蘭,中苗
P2315,蝴蝶蘭,大苗
P2316,蝴蝶蘭,黃金豹
P2317,蝴蝶蘭,沙拉黃金
P2318,蝴蝶蘭,婚宴
P2319,蝴蝶蘭,史密斯
P2320,蝴蝶蘭,達摩
P2321,蝴蝶蘭,黑玫瑰
P2322,蝴蝶蘭,太陽王子
P2323,蝴蝶蘭,朵麗蝶
P2324,蝴蝶蘭,史帝夫
P2325,蝴蝶蘭,紅天鵝
P2326,蝴蝶蘭,兄弟之光
P2327,蝴蝶蘭,春之王
P2328,蝴蝶蘭,蘭花世界
P2329,蝴蝶蘭,夕陽紅
P2330,蝴蝶蘭,兄弟女孩
P2331,蝴蝶蘭,頌
P2332,蝴蝶蘭,國王
P2333,蝴蝶蘭,芳鄰
P2334,蝴蝶蘭,台北黃金(兄弟)
P2335,蝴蝶蘭,台北黃金(金星)
P2342,蝴蝶蘭,黃花
P2348,蝴蝶蘭,日本少女
P2349,蝴蝶蘭,V-31
P2350,蝴蝶蘭,紅絲絨
P2351,蝴蝶蘭,法國斑
P2352,蝴蝶蘭,斑點
P2353,蝴蝶蘭,黃花
P2354,蝴蝶蘭,黃花紅心
P2355,蝴蝶蘭,瑞利美人
P2356,蝴蝶蘭,迷你小花
P2357,蝴蝶蘭,實生小花
P2358,蝴蝶蘭,四季紅
P2359,蝴蝶蘭,粉花
P2360,蝴蝶蘭,蜘蛛美人
P2361,蝴蝶蘭,綠花
P2362,蝴蝶蘭,小公主
P2363,蝴蝶蘭,黑花
P2364,蝴蝶蘭,小梅花
P2365,蝴蝶蘭,大梅花
P2366,蝴蝶蘭,巨寶
P2367,蝴蝶蘭,四季紅
P2368,蝴蝶蘭,勞倫斯
P2369,蝴蝶蘭,腮紅
P2370,蝴蝶蘭,羅曼蒂克
P2371,蝴蝶蘭,小理查
P2372,蝴蝶蘭,分生紅花
P2373,蝴蝶蘭,實生紅花
P2374,蝴蝶蘭,紅寶石
P2375,蝴蝶蘭,日本姑娘
P2376,蝴蝶蘭,翠友美人
P2377,蝴蝶蘭,黃金城市
P2378,蝴蝶蘭,93 號紅花
P2379,蝴蝶蘭,小白花
P2380,蝴蝶蘭,雪梅
P2381,蝴蝶蘭,SOGO 紅花
P2382,蝴蝶蘭,V31
P2383,蝴蝶蘭,紅玫瑰
P2384,蝴蝶蘭,L-2
P2385,蝴蝶蘭,398
P2386,蝴蝶蘭,447
P2387,蝴蝶蘭,MR
P2388,蝴蝶蘭,小叉角紅花
P2389,蝴蝶蘭,分生 1 號紅花
P2390,蝴蝶蘭,紅 41-2
P2391,蝴蝶蘭,中空紅花
P2392,蝴蝶蘭,101 紅花
P2393,蝴蝶蘭,甜草莓
P2394,蝴蝶蘭,佳音
P2395,蝴蝶蘭,白黃心
P2396,蝴蝶蘭,246 白花
P2397,蝴蝶蘭,113 白紅心
P2398,蝴蝶蘭,實生紅花
P2399,蝴蝶蘭,V3 大白花
P2400,蝴蝶蘭,小花
P2401,蝴蝶蘭,小辣妹 SR
P2402,蝴蝶蘭,迷你線條
P2403,蝴蝶蘭,PINK 阿媽
P2404,蝴蝶蘭,藍藍
P2405,蝴蝶蘭,kittyface
P2411,蝴蝶蘭,EQ
P2412,蝴蝶蘭,小公主
P2413,蝴蝶蘭,小梅花
P2414,蝴蝶蘭,小理查
P2415,蝴蝶蘭,小白花
P2417,蝴蝶蘭,小叉角
P2418,蝴蝶蘭,甜草莓
P2419,蝴蝶蘭,迷你白花紅心
P2420,蝴蝶蘭,迷你腮紅
P2421,蝴蝶蘭,小紅花
P2422,蝴蝶蘭,小男孩
P2423,蝴蝶蘭,世華黃金
P2424,蝴蝶蘭,春天舞者
P2425,蝴蝶蘭,聖誕粉紅
P2426,蝴蝶蘭,中梅花
P2427,蝴蝶蘭,小白紅心
P2428,蝴蝶蘭,F858
P2429,蝴蝶蘭,香吉士.橘
P2430,蝴蝶蘭,鴻展鑽石紅
P2431,蝴蝶蘭,立匹鑽石
P2432,蝴蝶蘭,1266 小白紅
P2433,蝴蝶蘭,vivian
P2434,蝴蝶蘭,小黃帝
P2435,蝴蝶蘭,自強芳子橘
P2436,蝴蝶蘭,台灣香
P2437,蝴蝶蘭,小紅花 358
P2438,蝴蝶蘭,小粉花
P2439,蝴蝶蘭,小黑花
P2450,蝴蝶蘭,蠟質.斑點
P2451,蝴蝶蘭,法國斑
P2452,蝴蝶蘭,蜘蛛美人
P2453,蝴蝶蘭,黑花
P2454,蝴蝶蘭,線條紅心
P2455,蝴蝶蘭,吉祥一號
P2456,蝴蝶蘭,夢幻情人
P2457,蝴蝶蘭,分生線條
P2458,蝴蝶蘭,龍鳳呈祥
P2459,蝴蝶蘭,斑紋
P2460,蝴蝶蘭,夢幻玫瑰
P2461,蝴蝶蘭,雙色
P2462,蝴蝶蘭,一心美少女斑點
P2463,蝴蝶蘭,沙拉 GO
P2464,蝴蝶蘭,第一名
P2465,蝴蝶蘭,豹斑
P2466,蝴蝶蘭,TINNYHONEY
P2467,蝴蝶蘭,紅底黑斑
P2468,蝴蝶蘭,明和公主
P2469,蝴蝶蘭,閃電
P2470,蝴蝶蘭,一心美人
P2471,蝴蝶蘭,御品珍珠
P2472,蝴蝶蘭,亞裕美人
P2473,蝴蝶蘭,彩虹
P2474,蝴蝶蘭,珍珠斑
P2475,蝴蝶蘭,白底斑
P2476,蝴蝶蘭,紅底斑
P2500,蝴蝶蘭,粉花
P2501,蝴蝶蘭,日本少女
P2502,觀音棕竹,
P2503,蝴蝶蘭,大梅花
P2504,蝴蝶蘭,日本姑娘
P2505,蝴蝶蘭,HELLOKITTY
P2506,蝴蝶蘭,佳音
P2507,蝴蝶蘭,六甲美人
P2508,蝴蝶蘭,明和公主
P2509,蝴蝶蘭,粉色紅心
P2510,蝴蝶蘭,粉.紅心線條
P2511,蝴蝶蘭,分生粉絲
P2512,蝴蝶蘭,6063/大粉
P2513,蝴蝶蘭,F1138 鑽石
P2514,蝴蝶蘭,160.中粉
P2515,蝴蝶蘭,小粉花
P2516,蝴蝶蘭,亞運美人
P2550,蝴蝶蘭,黃花
P2551,蝴蝶蘭,富樂黃金
P2552,蝴蝶蘭,黃花紅心
P2553,蝴蝶蘭,羅蔓蒂克
P2554,蝴蝶蘭,翠友美人
P2555,蝴蝶蘭,黃金城市
P2556,蝴蝶蘭,CD-2
P2557,蝴蝶蘭,黃后
P2558,蝴蝶蘭,勞倫斯
P2559,蝴蝶蘭,莉莎
P2560,蝴蝶蘭,GO 翠絲
P2561,蝴蝶蘭,大皇帝
P2562,蝴蝶蘭,240 黃花
P2563,蝴蝶蘭,小黃花
P2564,蝴蝶蘭,比卡丘
P2565,蝴蝶蘭,1065 黃
P2566,蝴蝶蘭,宜蘭黃
P2567,蝴蝶蘭,黃花紅心線條
P2568,蝴蝶蘭,新原美人
P2569,蝴蝶蘭,小黃鶯
P2570,蝴蝶蘭,黃底黑斑
P2571,蝴蝶蘭,世華黃金
P2572,蝴蝶蘭,黃金虎斑
P2573,蝴蝶蘭,金雞
P2600,蝴蝶蘭,綠花
P2602,蝴蝶蘭,綠紅心
P2603,蝴蝶蘭,青蘋果
P2604,蝴蝶蘭,沙西米
P2605,蝴蝶蘭,祥發綠金/黃綠
P2606,蝴蝶蘭,新皇冠
P2607,蝴蝶蘭,小綠花
P2608,蝴蝶蘭,綠精靈
P2609,蝴蝶蘭,富樂夕陽
P2653,蝴蝶蘭,閃電
P2700,蔓綠絨,
P2701,蔓綠絨,蔓莉莎蔓綠絨
P2702,蔓綠絨,長葉蔓綠絨
P2703,蔓綠絨,奧利多蔓綠絨
P2704,蔓綠絨,心葉蔓綠絨
P2705,翡翠寶石,
P2706,大天使,
P2707,希望小天使,
P2708,蔓綠絨,紅葉蔓綠絨
P2709,黃金帝王,
P2710,蔓綠絨,綠帝王蔓綠絨
P2711,蔓綠絨,紅帝王蔓綠絨
P2712,蔓綠絨,鋸齒蔓綠絨
P2713,蔓綠絨,彩虹帝王蔓綠絨
P2714,蔓綠絨,綠晶鑽蔓綠絨
P2715,蔓綠絨,紅晶鑽蔓綠絨
P2720,蔓綠絨,多芽蔓綠絨
P2730,蔓綠絨,陽光蔓綠絨
P2740,蔓綠絨,黃金蔓綠絨
P2902,福祿考,
P3102,羅比親王海棗,
P3302,冷水花,
P3303,冷水花,蛤蟆冷水花
P3304,蝦蟆草,
P3502,日本赤松,
P3504,黑松,
P3702,果樹,
P3902,桔梗,
P4102,多葉蘭,
P4302,緬梔,
P4304,緬梔,大花緬梔
P4306,緬梔,紅花緬梔
P4402,大銀龍,
P4502,羅漢松,
P4702,萎蕤,
P4704,黃精,
P4902,福祿桐,
P4904,福祿桐,碎葉福祿桐
P4906,福祿桐,羽葉福祿桐
P4907,福祿桐,圓葉福祿桐
P4908,福祿桐,芹葉福祿桐
P4909,福祿桐,川七福祿桐
P4910,福祿桐,福祿桐歐盆
P4911,川七吉祥缸,
P5102,紅心凌霄花,
P5300,馬齒牡丹,
P5302,馬齒牡丹,松葉牡丹
P5304,馬齒牡丹,闊葉半支蓮
P5502,報春花,
P5504,報春花,西洋櫻草
P5702,郁李,
P5704,郁李,重瓣郁李
P5706,梅,
P5900,鳳尾蕨,
P5901,鳳尾蕨,紅鳳尾蕨
P5902,鳳尾蕨,銀脈鳳尾蕨
P5903,鳳尾蕨,黃脈鳳尾蕨
P5904,兔腳蕨,
P5905,冬青蕨,
P5906,蕨,
P6102,椰子樹,馬氏射葉椰子
P6302,石榴,
P6304,石榴,月季石榴
P6306,石榴,重瓣白石榴
P6308,石榴,重瓣紅石榴
P6502,洋火棘,
P6702,炮仗花,
P6902,使君子,
P6904,白龍,
P6906,青龍,
P6908,夜下珠,
P7002,蟛蜞菊,
P7102,狀元紅,
P7103,美葉擬美花,
P7104,番石榴,
P7105,斑葉擬美花,
P7106,虞美人,
P7107,金葉擬美花,
P7108,帝王花,
R0102,山菜豆,
R0302,陸蓮花,
R0400,香料植物,迷迭香
R0702,倒吊蓮,
R0902,杜鵑,皋月杜鵑
R0904,杜鵑,平戶杜鵑
R0906,杜鵑,久米留杜鵑
R0908,杜鵑,西洋杜鵑
R0910,杜鵑,
R0920,石楠,
R1102,菱葉藤,
R1302,啄蕊蘭,
R1502,萬年松,
R1504,萬年青,黃紋萬年青
R1506,斑太閵,
R1508,萬年青,鑲邊萬年青
R1510,萬年青,紫背萬年青
R1512,蚌蘭,
R1702,玫瑰,
R1710,玫瑰,迷你玫瑰
R1902,炮竹紅,
R1904,蘿蔔,
R2000,蘿蔔,好采頭
R2002,革葉蕨,
R2004,假葉樹,
S0102,非洲菫,
S0104,草莓,
S0106,觀賞瓜類,
S0302,一串紅,
S0304,藍花鼠尾草,
S0502,金葉木,銀脈金葉木
S0504,金葉木,
S0600,神秘果,
S0702,虎尾蘭,
S0703,虎尾蘭,銀后虎尾蘭
S0704,虎尾蘭,美葉虎尾蘭
S0902,蒜香藤,
S1102,虎耳草,
S1300,鴨腳木,
S1302,鵝掌藤,
S1304,鵝掌藤,斑葉鵝掌藤
S1305,鵝掌藤,魚尾鵝掌藤
S1306,鵝掌藤,亞馬遜鵝掌藤
S1310,鵝掌木,
S1502,風鈴花,
S1702,藍草,
S1703,紅草,
S1704,卷柏,
S1800,海豚花,
S1902,銀葉菊,
S1904,瓜葉菊,
S1908,綠之鈴,
S2102,六月雪,
S2104,六月雪,重瓣六月雪
S2106,六月雪,金邊六月雪
S2200,雪花蔓,
S2302,豔桐草,
S2304,大岩桐,
S2502,五指茄,
S2504,玉珊瑚,
S2510,番茄,
S2702,嬰兒淚珠,
S2902,白鶴芋,
S2904,綠巨人,
S3002,天堂鳥,
S3003,天堂鳥,白花天堂鳥
S3102,合果芋,
S3103,合果芋,金玉合果芋
S3104,合果芋,白蝴蝶
S3105,合果芋,鳳蝶合果芋
S3106,合果芋,紅蝴蝶
S3107,合果芋,紅粉佳人
S3108,合果芋,犀牛皮
S3109,合果芋,愛玉合果芋
S3110,合果芋,白珍珠
S3111,合果芋,金玉霓紅燈
S3130,合果芋,綠精靈
S3131,合果芋,迷你綠精靈
S3132,赤楠,
S3140,千兩,
S3142,貓柳,
S3144,琉璃菊,
S3146,蘋婆,
S3302,瓶子草,
S3303,土瓶草,
S3304,毛氈苔,
S4102,彈簧草,
S5100,檀香柏,
T0102,萬壽菊,
T0104,孔雀草,
T0105,皇帝菊,
T0106,情人菊,
T0302,檉柳,無葉檉柳
T0304,檉柳,華北檉柳
T0400,香料植物,百里香
T0502,山馬茶,
T0504,山馬茶,重瓣山馬茶
T0510,夏菫,
T0702,黃鐘花,
T0902,洋淩宵,
T1102,厚皮香,
T1200,初雪葛,
T1202,黃金絡石,
T1302,夾竹桃,黃花夾竹桃
T1502,扁柏,
T1504,扁柏,黃金扁柏
T1702,黑眼鄧伯,
T1704,立鶴花,
T1902,翠牡丹,
T2102,鳳梨類,歧花鳳梨
T2104,鳳梨類,長苞鳳梨
T2302,鴨跖草,斑葉鴨跖草
T2304,鴨跖草,紫背鴨跖草
T2502,金蓮花,
T2702,鬱金香,
T2902,榔榆,
T3002,台灣油點草,
T3004,水生植物,
T3005,綠鑽,
V0102,萬代蘭,
V0103,萬代蘭,樹蘭
V0200,長春花,
V0302,美女櫻,
V0502,三色董,
V0504,香堇菜,
V0510,夏菫,
V0702,鳳梨類,鶯歌鳳梨
V0704,鳳梨類,紅羽鳳梨
V0706,鳳梨類,虎斑鳳梨
V0708,鳳梨類,小鶯歌鳳梨
V0710,鳳梨類,大鶯歌鳳梨
V0712,鳳梨類,斑葉鶯歌鳳梨
V0714,鳳梨類,黃金鶯歌鳳梨
W0000,水生植物,
W0002,水生植物,水姑娘
W0003,水生植物,水芙蓉
W0005,水生植物,水松
W0006,水生植物,海洋之星
W0008,水生植物,佛手芋
W0009,水生植物,水過長沙
W0011,水生植物,黃花菱
W0102,紫藤,
X0102,千年芋,
Y0102,王蘭,
Y0110,尤加,
Z0102,美葉鳳尾蕉,
Z0302,馬蹄蓮,
Z0304,馬蹄蓮,星點馬蹄蓮
Z0306,海芋,黃花海芋
Z0502,櫸木,
Z0503,櫻花,
Z0702,百日草,
Z0703,墨西哥鐵樹,
Z0704,海芋,
Z0706,金棗,
Z0802,玉利紅,
Z0803,吊竹草,
Z7703,金錢樹,
